"","variable","year","mean","sd","lower","upper"
"1","b_t",1968,95211.9081301956,94516.3908642018,27423.8466635127,245511.844925878
"2","b_t",1969,127102.116401596,128973.284124266,31976.6214608007,326452.024470593
"3","b_t",1970,107264.70984068,118706.546335786,25342.1444647104,279308.088189781
"4","b_t",1971,79843.8988989067,90759.1376170159,20115.5458282407,197479.292730263
"5","b_t",1972,57900.2111711137,62406.7230157947,14134.1328958482,150363.931114778
"6","b_t",1973,86559.6286527899,96569.2272113632,21059.9529834866,220611.096053505
"7","b_t",1974,92606.3495292492,99071.5158439021,21878.4188972612,240740.720504115
"8","b_t",1975,97790.5032579833,105678.634329932,23735.2194591183,254985.620036723
"9","b_t",1976,82877.2106283937,88095.0579108026,20073.6436668073,218723.300148572
"10","b_t",1977,82411.7235907852,89933.9284132897,19441.8604226488,216205.395337522
"11","b_t",1978,103399.913506548,112304.976920591,23617.7916069089,269511.58937945
"12","b_t",1979,74901.7270998781,81822.2968810424,17456.435105736,193689.57093173
"13","b_t",1980,68885.141842153,77893.3977405307,16488.4048930093,175145.475845581
"14","b_t",1981,72284.3404673016,77097.017627894,17849.1373093155,187022.734102916
"15","b_t",1982,65979.838233926,73357.3050844686,16046.0909803143,167411.87789374
"16","b_t",1983,62631.7368798442,66189.6625794849,15247.5819996861,159145.455689518
"17","b_t",1984,73313.7673721927,81261.1851310293,17840.7849653562,194675.934206292
"18","b_t",1985,71347.4467894784,75799.8816715601,17374.9572805282,184557.368651904
"19","b_t",1986,100089.888412782,105730.837438094,24270.7382240606,257861.596187575
"20","b_t",1987,118688.914713842,128892.980745322,28428.6234979727,310111.334712636
"21","b_t",1988,99702.4568935531,107608.855179659,24462.9858639686,254529.961081712
"22","b_t",1989,117896.882782108,137855.282149124,29319.0499500712,303936.556192522
"23","b_t",1990,123206.131134213,127614.461997605,30820.0077973646,326020.802323192
"24","b_t",1991,143029.571689488,153382.341835612,35644.3554006268,369257.370166788
"25","b_t",1992,142704.029314293,143273.47022291,36718.9016391457,368905.400818587
"26","b_t",1993,181368.782967122,189278.574069975,47414.7362040447,471242.298302799
"27","b_t",1994,186843.42234386,201209.759963905,44542.6859091423,489857.850457659
"28","b_t",1995,124938.240064567,135791.073739467,31092.5360810461,322137.90447926
"29","b_t",1996,107188.39521463,121845.302014531,25580.2840910426,279078.335510264
"30","b_t",1997,106428.764076523,116423.570605236,25888.6170406693,275181.05437709
"31","b_t",1998,120996.553148481,139305.431793871,28737.1446060683,324256.565823083
"32","b_t",1999,123014.132668081,137012.023154314,30477.1172758987,312659.230296014
"33","b_t",2000,120823.629632252,133160.918460738,29863.3633010851,311356.71143543
"34","b_t",2001,138873.638742761,151460.341352444,34317.3257778369,382740.755813172
"35","b_t",2002,164066.037987717,170779.552584084,41342.92431567,422290.516866183
"36","b_t",2003,142047.740536278,159723.339650443,35534.8885870342,359182.30708333
"37","b_t",2004,161332.410177633,183846.629137182,40713.3556647499,413246.70850085
"38","b_t",2005,167511.577141426,177293.556587402,42499.125593014,429394.200318542
"39","b_t",2006,172063.69670298,177926.758365031,44082.8204919494,447969.939424713
"40","b_t",2007,168919.033987946,190420.954138501,41469.2188646579,430660.358117047
"41","b_t",2008,174263.801468352,180848.360765167,45178.1713638846,450286.472926649
"42","b_t",2009,174086.374255766,185933.300950955,40823.4614394772,461330.222528226
"43","b_t",2010,148909.31557631,159631.264763092,37436.8129462416,386995.121600369
"44","b_t",2011,143034.897472503,145848.455616249,36047.035082881,359929.978528038
"45","b_t",2012,130386.002005144,138477.331204997,32541.347776742,322096.751337301
"46","b_t",2013,123692.125979835,138468.51201675,30072.4199403612,319656.337410675
"47","b_t",2014,126794.146091673,129878.991236779,29761.9831667047,326965.315317254
"48","b_t",2015,120768.095402463,136455.744015636,28209.8489527133,305856.7679101
"49","b_t",2016,101109.146712914,114190.995698076,20923.1373887782,282795.214388492
"50","b_t",2017,78651.507078698,91543.0864291848,16947.4715329952,215636.805935761
"51","b_t",2018,55166.393946338,60188.8282747134,13962.1309204758,142513.79068422
"52","bmsy",1968,69210.2531920225,68371.1471406205,20293.8996159962,177128.308839988
"53","ck",1968,0.00454712963744184,0.00277355833178984,0.00112912859286332,0.0098551854099894
"54","ck",1969,0.0170517361404069,0.0104008437442119,0.00423423222323745,0.0369569452874603
"55","ck",1970,0.0109926858985157,0.00670507726710194,0.00272966837324707,0.0238249107286494
"56","ck",1971,0.0081507298751145,0.00497160330973329,0.0020239630027075,0.017665419847406
"57","ck",1972,0.00287605949568197,0.00175427564485707,0.00071417383498605,0.0062334047718183
"58","ck",1973,0.00808252293055287,0.00492999993475644,0.00200702607381455,0.0175175920662562
"59","ck",1974,0.0088782706171052,0.00541537264281966,0.00220462357756563,0.0192422495130043
"60","ck",1975,0.0121408361319697,0.00740540074587887,0.00301477334294506,0.0263133450446717
"61","ck",1976,0.00866228195932671,0.00528362862205965,0.00215098996940462,0.0187741282060298
"62","ck",1977,0.00676385533569474,0.00412566801853739,0.00167957878188419,0.0146595882973592
"63","ck",1978,0.0165288162321011,0.0100818845360561,0.00410438243505817,0.0358235989653115
"64","ck",1979,0.00702531528984765,0.0042851476226153,0.00174450367597383,0.0152262614584336
"65","ck",1980,0.00733224654037497,0.00447236281001112,0.0018207198559921,0.0158914864736079
"66","ck",1981,0.0103901912215546,0.00633758078813978,0.00258005883469268,0.0225190986618258
"67","ck",1982,0.00859407501476508,0.0052420252470828,0.00213405304051167,0.01862630042488
"68","ck",1983,0.00904878797850927,0.00551938108026178,0.00224696589979801,0.0196118189658789
"69","ck",1984,0.0138914810423848,0.00847322070361796,0.00344948785119744,0.0301075914275176
"70","ck",1985,0.00984453566506159,0.006004753788325,0.00244456340354909,0.0213364764126271
"71","ck",1986,0.0220081074452185,0.0134240223258628,0.00546498238945847,0.0476990973843487
"72","ck",1987,0.0313979301465359,0.0191514202810088,0.00779663293372122,0.0680500552559768
"73","ck",1988,0.0207690146190156,0.0126682276804501,0.00515729484790321,0.0450135593601266
"74","ck",1989,0.0273850882414935,0.0167037550532043,0.00680017695051934,0.0593528541316612
"75","ck",1990,0.0281922037521394,0.017196061657097,0.00700059727575258,0.0611021495419343
"76","ck",1991,0.040480821597326,0.0246916030487591,0.0100520672979657,0.0877357881124307
"77","ck",1992,0.0348651164950853,0.0212662585089986,0.0086575934857795,0.0755646341310937
"78","ck",1993,0.0651035285840736,0.039710421415401,0.0161662986283206,0.141101617107523
"79","ck",1994,0.058305569776098,0.0355639517093752,0.0144782513819899,0.126368114919589
"80","ck",1995,0.0294540322265295,0.0179657240941687,0.00731393046027215,0.0638369634932063
"81","ck",1996,0.026077788470729,0.0159063570328147,0.00647555248007114,0.0565194883262892
"82","ck",1997,0.0207462789708284,0.0126543598887911,0.00515164920493889,0.0449642834330766
"83","ck",1998,0.0311705736646638,0.0190127423644194,0.00774017650407805,0.0675572959854773
"84","ck",1999,0.0300110556071162,0.0183054849898129,0.00745224871289791,0.06504422370593
"85","ck",2000,0.0238155914761016,0.0145265117627493,0.00591381100512164,0.0516165335848195
"86","ck",2001,0.0332963567701679,0.0203093808845311,0.00826804412124166,0.0721645951646474
"87","ck",2002,0.0452894111889207,0.0276246409846268,0.0112461207849187,0.0981576466834944
"88","ck",2003,0.032170942184901,0.0196229251974131,0.00798858479450798,0.069725436775675
"89","ck",2004,0.0414357188211888,0.0252740502984349,0.010289184302467,0.0898053770485284
"90","ck",2005,0.0454599285503248,0.0277286494220689,0.011288463107151,0.098527216136369
"91","ck",2006,0.049336356566244,0.0300931078999198,0.012251045232567,0.106928761698385
"92","ck",2007,0.0578394889882602,0.0352796619803668,0.0143625157012214,0.125357958415065
"93","ck",2008,0.0570437413017079,0.0347942892723035,0.0141649181974703,0.123633300968317
"94","ck",2009,0.0550998433817015,0.0336085930854634,0.0136822157240213,0.119420209205547
"95","ck",2010,0.0467331248488085,0.0285052457549701,0.0116046191131528,0.101286668051166
"96","ck",2011,0.0445959739192109,0.0272016733390289,0.011073928674507,0.0966547309084711
"97","ck",2012,0.0342512539940307,0.020891828134207,0.00850516112574295,0.0742341841007452
"98","ck",2013,0.0327848046859557,0.0199973555722048,0.00814101715454453,0.0710558868060236
"99","ck",2014,0.0364452440440964,0.0222300700292956,0.00904996567179951,0.0789893110610651
"100","ck",2015,0.0384459810845708,0.0234504356952831,0.00954678225265936,0.0833255926414604
"101","ck",2016,0.0214510840646319,0.0130842614302186,0.00532666413683271,0.046491837171625
"102","ck",2017,0.0188933236435709,0.0115241348685868,0.00469152930334709,0.040948295378506
"103","ck",2018,0.0184158750316395,0.0112329112437489,0.00457297080109644,0.0399135009104571
"104","crashed",1968,0,0,0,0
"105","delta",1968,100,0,100,100
"106","dep_t",1968,0.685606620880473,0.0682424186295171,0.577637074314997,0.797228812273481
"107","dep_t",1969,0.90648149478259,0.217680219299173,0.611111405214505,1.29027866791538
"108","dep_t",1970,0.750813323002667,0.183012536669748,0.502789030800644,1.07201619244113
"109","dep_t",1971,0.562533199269888,0.136977549544521,0.373195551135123,0.804479362258737
"110","dep_t",1972,0.410035840322645,0.0966782128056925,0.276945778399957,0.575918873734917
"111","dep_t",1973,0.608414347583876,0.147401725468681,0.407964823163171,0.868215010829202
"112","dep_t",1974,0.65160317793963,0.15857046891495,0.426010743777079,0.917841309321529
"113","dep_t",1975,0.68779806888379,0.167835476262422,0.454481241977371,0.965556715993964
"114","dep_t",1976,0.584814903839728,0.142151853930628,0.389986105252945,0.827104539580531
"115","dep_t",1977,0.574879741623263,0.142628824206612,0.377918225023071,0.822416316767637
"116","dep_t",1978,0.723857684717497,0.190271111297304,0.467976755790388,1.05383058549181
"117","dep_t",1979,0.524008456328208,0.134405482637553,0.343790842737462,0.757377806908706
"118","dep_t",1980,0.483968332061707,0.117133354715671,0.321498779549049,0.687492727911857
"119","dep_t",1981,0.508717037867736,0.124815442674509,0.341643708184359,0.727675315458801
"120","dep_t",1982,0.462893830211228,0.113160870568611,0.304769841079764,0.658220707829877
"121","dep_t",1983,0.444230425823308,0.10928069426516,0.290054029301926,0.622417351735488
"122","dep_t",1984,0.512514540422999,0.128150389836885,0.336831479724834,0.73214599858627
"123","dep_t",1985,0.50514364936972,0.120323724084804,0.335206586243189,0.714389613018341
"124","dep_t",1986,0.71053365041666,0.177682986141535,0.460700538051099,1.01823241021631
"125","dep_t",1987,0.832089063644682,0.212611621896182,0.543772157898779,1.18454061389456
"126","dep_t",1988,0.705943726232036,0.166864879710349,0.475120513397626,0.98166607343988
"127","dep_t",1989,0.829713665242645,0.206546433873604,0.552427561809135,1.19284119392415
"128","dep_t",1990,0.873923994918177,0.198106904763412,0.602654992182279,1.23381217719661
"129","dep_t",1991,1.00724705218823,0.234392656309556,0.669420388431621,1.39877825418502
"130","dep_t",1992,1.01693443897471,0.217827666080381,0.708964476253488,1.38440493329359
"131","dep_t",1993,1.29525386764765,0.265390279253001,0.903535281570795,1.73123726028212
"132","dep_t",1994,1.31794448499959,0.318198055099283,0.877097519270534,1.88455086216578
"133","dep_t",1995,0.884285673050004,0.20332018853565,0.596196470839276,1.23400750149354
"134","dep_t",1996,0.753470417903156,0.177208205613518,0.503216744789607,1.0614237854915
"135","dep_t",1997,0.749154202284241,0.177546451027593,0.491201831517823,1.05868064757752
"136","dep_t",1998,0.849038014561123,0.207813425855481,0.560587507415229,1.22304383434859
"137","dep_t",1999,0.866648448952913,0.2113511895062,0.576364250395496,1.23759931695112
"138","dep_t",2000,0.849259621082823,0.191551697535455,0.571985221311457,1.17373299909843
"139","dep_t",2001,0.977511162097618,0.225460046807663,0.657956784289615,1.37958199206371
"140","dep_t",2002,1.16195841083107,0.264765280910002,0.785998321838226,1.62298900517261
"141","dep_t",2003,1.00502381668956,0.218781499580055,0.688227891153121,1.38515505627663
"142","dep_t",2004,1.141916585463,0.244210316181683,0.787342084896384,1.56496699404698
"143","dep_t",2005,1.19082619188064,0.260973205634864,0.823921082145013,1.63475827038824
"144","dep_t",2006,1.22502487819266,0.254167246924504,0.84705877532006,1.65259776277547
"145","dep_t",2007,1.1857102019802,0.250943693344457,0.819731234364135,1.61609622102156
"146","dep_t",2008,1.24102075896583,0.259006972030703,0.854619705738922,1.6869835880708
"147","dep_t",2009,1.22677127362044,0.270712321044193,0.828848402154997,1.68723720484189
"148","dep_t",2010,1.05087249024508,0.230394571461518,0.720680153548922,1.46156252332625
"149","dep_t",2011,1.01848555226432,0.225749047853717,0.702348617591669,1.41372785079433
"150","dep_t",2012,0.925364224968192,0.214258852205474,0.625939417242834,1.28670054795442
"151","dep_t",2013,0.875511726762921,0.198037180110305,0.598224397308369,1.20361939120681
"152","dep_t",2014,0.899860276369322,0.220021734723821,0.593843106594642,1.28419573916009
"153","dep_t",2015,0.853794099541929,0.231935043333889,0.540791101332291,1.25458347650024
"154","dep_t",2016,0.711215390187701,0.294313154523962,0.379765989409402,1.1916595942166
"155","dep_t",2017,0.562699289885564,0.279153599741174,0.297232149695124,0.951593990071112
"156","dep_t",2018,0.393348324945065,0.0881990954244554,0.270754905224048,0.550336613004555
"157","growth_t",1968,0.109746814028402,0.0234602883249563,0.0748167806731493,0.148299050272099
"158","growth_t",1969,0.0183404848132269,0.123653030943925,-0.203709972022055,0.130258743194555
"159","growth_t",1970,0.0799921936943316,0.0670007848610586,-0.0393432333502382,0.149019004463538
"160","growth_t",1971,0.118324006378755,0.0300680717117645,0.0755049964035915,0.16011908154385
"161","growth_t",1972,0.120887993578959,0.0222236651261311,0.0891960589211547,0.158427195382159
"162","growth_t",1973,0.11279222408626,0.0368533097355972,0.056848877629311,0.158959166576792
"163","growth_t",1974,0.104796466593122,0.0462966027625272,0.0380674132637064,0.15533139918403
"164","growth_t",1975,0.0969225962138528,0.0549602334694231,0.0163295541279338,0.151376487036028
"165","growth_t",1976,0.115550413072706,0.0360913633902528,0.0706328113454431,0.158759584646363
"166","growth_t",1977,0.116605735998324,0.0312931422741878,0.0684753269377937,0.159855518077496
"167","growth_t",1978,0.0845928193603654,0.0815883886100087,-0.0299816390107711,0.148376497054992
"168","growth_t",1979,0.120349878591036,0.0292359607169658,0.0847683420199234,0.161388906072521
"169","growth_t",1980,0.122703528530017,0.0234567106437896,0.0893311009006893,0.160944667751555
"170","growth_t",1981,0.121856666415559,0.0274452818855203,0.0873685502458553,0.161277077321104
"171","growth_t",1982,0.122670025131175,0.0238003153391037,0.0886383429096081,0.160426499091633
"172","growth_t",1983,0.122153915653631,0.0228711184210655,0.0891550301139275,0.160967964082742
"173","growth_t",1984,0.121398517119294,0.0261600046565791,0.086640258420904,0.161397784541697
"174","growth_t",1985,0.122522880385317,0.0239331455620493,0.0890187828523045,0.161799493719308
"175","growth_t",1986,0.0901213063795762,0.0597578368139671,-0.00983485034882717,0.150290896161835
"176","growth_t",1987,0.0484318952497054,0.108916871985715,-0.119368304861751,0.139136747821104
"177","growth_t",1988,0.0935845496943698,0.0551003941335695,0.00938687166195701,0.151793491795462
"178","growth_t",1989,0.0515287525686639,0.101368717433624,-0.11412699489233,0.14112239912119
"179","growth_t",1990,0.0378172251344345,0.0954508351155047,-0.150113286671712,0.135555926315244
"180","growth_t",1991,-0.0312693597747642,0.147058817022432,-0.29406312606298,0.116854859725509
"181","growth_t",1992,-0.0303027783084983,0.134134687959494,-0.268396653798178,0.11578816094202
"182","growth_t",1993,-0.228748874944183,0.233607130216896,-0.643500626046119,0.0475694206662332
"183","growth_t",1994,-0.263388549704507,0.304249854863377,-0.823156322460079,0.0604516445972935
"184","growth_t",1995,0.0334023818005171,0.104481298463293,-0.143209509536303,0.13725878894842
"185","growth_t",1996,0.0812763460094003,0.0653395585616377,-0.0321681681547788,0.150857094173946
"186","growth_t",1997,0.0816832683411518,0.0630026742888525,-0.0309164462600047,0.149084638138233
"187","growth_t",1998,0.0444651506821147,0.103111684759889,-0.140072644082173,0.138755877500866
"188","growth_t",1999,0.0381459619359414,0.10699417294978,-0.14556327947985,0.138657067016455
"189","growth_t",2000,0.048160981986278,0.0900261093358165,-0.10607820466907,0.138456387866843
"190","growth_t",2001,-0.0120569309385132,0.13472354769471,-0.257865541181982,0.124657824591711
"191","growth_t",2002,-0.132692748928022,0.212241779899404,-0.515769125205746,0.0876515653576703
"192","growth_t",2003,-0.0248506164066057,0.131191977372557,-0.26366078258988,0.118641945102015
"193","growth_t",2004,-0.113194113341609,0.187392648954488,-0.464751872737345,0.0890466511426645
"194","growth_t",2005,-0.149528020127667,0.211310171191501,-0.528888880450991,0.0799269607353226
"195","growth_t",2006,-0.170875897084243,0.202394728358616,-0.537714663819923,0.068469613050918
"196","growth_t",2007,-0.141709991315521,0.1960695123784,-0.485562244505384,0.0795275302777382
"197","growth_t",2008,-0.186173228949146,0.219073954944855,-0.597539897856919,0.063082380617361
"198","growth_t",2009,-0.175802998748604,0.22280650886844,-0.567648971129252,0.0777283885148369
"199","growth_t",2010,-0.0532965744662128,0.152705845505763,-0.345834391443015,0.108201663689695
"200","growth_t",2011,-0.0349076199731764,0.146753424766888,-0.302790691240223,0.114886479639582
"201","growth_t",2012,0.0140316482031583,0.11678161259248,-0.193079809465371,0.132057051025176
"202","growth_t",2013,0.0366346316296229,0.0987745233646795,-0.128519742695689,0.135953093650679
"203","growth_t",2014,0.0223391150021282,0.120560071513325,-0.193723405867519,0.133577678708247
"204","growth_t",2015,0.0358130997022844,0.137731299415812,-0.159763180869405,0.13822482893433
"205","growth_t",2016,0.0593120427904524,0.195226390113949,-0.122859491310348,0.151575816569379
"206","growth_t",2017,0.0854078225600496,0.197107445289857,0.0225752812113329,0.155334982385606
"207","growth_t",2018,0.120098995795673,0.0222737500833883,0.0866139762841526,0.15864112697855
"208","index_hat_t",1968,95211.9081301956,94516.3908642018,27423.8466635127,245511.844925878
"209","index_hat_t",1969,127102.116401596,128973.284124266,31976.6214608007,326452.024470593
"210","index_hat_t",1970,107264.70984068,118706.546335786,25342.1444647104,279308.088189781
"211","index_hat_t",1971,79843.8988989067,90759.1376170159,20115.5458282407,197479.292730263
"212","index_hat_t",1972,57900.2111711137,62406.7230157947,14134.1328958482,150363.931114778
"213","index_hat_t",1973,86559.6286527899,96569.2272113632,21059.9529834866,220611.096053505
"214","index_hat_t",1974,92606.3495292492,99071.5158439021,21878.4188972612,240740.720504115
"215","index_hat_t",1975,97790.5032579833,105678.634329932,23735.2194591183,254985.620036723
"216","index_hat_t",1976,82877.2106283937,88095.0579108026,20073.6436668073,218723.300148572
"217","index_hat_t",1977,82411.7235907852,89933.9284132897,19441.8604226488,216205.395337522
"218","index_hat_t",1978,103399.913506548,112304.976920591,23617.7916069089,269511.58937945
"219","index_hat_t",1979,74901.7270998781,81822.2968810424,17456.435105736,193689.57093173
"220","index_hat_t",1980,68885.141842153,77893.3977405307,16488.4048930093,175145.475845581
"221","index_hat_t",1981,72284.3404673016,77097.017627894,17849.1373093155,187022.734102916
"222","index_hat_t",1982,65979.838233926,73357.3050844686,16046.0909803143,167411.87789374
"223","index_hat_t",1983,62631.7368798442,66189.6625794849,15247.5819996861,159145.455689518
"224","index_hat_t",1984,73313.7673721927,81261.1851310293,17840.7849653562,194675.934206292
"225","index_hat_t",1985,71347.4467894784,75799.8816715601,17374.9572805282,184557.368651904
"226","index_hat_t",1986,100089.888412782,105730.837438094,24270.7382240606,257861.596187575
"227","index_hat_t",1987,118688.914713842,128892.980745322,28428.6234979727,310111.334712636
"228","index_hat_t",1988,99702.4568935531,107608.855179659,24462.9858639686,254529.961081712
"229","index_hat_t",1989,117896.882782108,137855.282149124,29319.0499500712,303936.556192522
"230","index_hat_t",1990,123206.131134213,127614.461997605,30820.0077973646,326020.802323192
"231","index_hat_t",1991,143029.571689488,153382.341835612,35644.3554006268,369257.370166788
"232","index_hat_t",1992,142704.029314293,143273.47022291,36718.9016391457,368905.400818587
"233","index_hat_t",1993,181368.782967122,189278.574069975,47414.7362040447,471242.298302799
"234","index_hat_t",1994,186843.42234386,201209.759963905,44542.6859091423,489857.850457659
"235","index_hat_t",1995,124938.240064567,135791.073739467,31092.5360810461,322137.90447926
"236","index_hat_t",1996,107188.39521463,121845.302014531,25580.2840910426,279078.335510264
"237","index_hat_t",1997,106428.764076523,116423.570605236,25888.6170406693,275181.05437709
"238","index_hat_t",1998,120996.553148481,139305.431793871,28737.1446060683,324256.565823083
"239","index_hat_t",1999,123014.132668081,137012.023154314,30477.1172758987,312659.230296014
"240","index_hat_t",2000,120823.629632252,133160.918460738,29863.3633010851,311356.71143543
"241","index_hat_t",2001,138873.638742761,151460.341352444,34317.3257778369,382740.755813172
"242","index_hat_t",2002,164066.037987717,170779.552584084,41342.92431567,422290.516866183
"243","index_hat_t",2003,142047.740536278,159723.339650443,35534.8885870342,359182.30708333
"244","index_hat_t",2004,161332.410177633,183846.629137182,40713.3556647499,413246.70850085
"245","index_hat_t",2005,167511.577141426,177293.556587402,42499.125593014,429394.200318542
"246","index_hat_t",2006,172063.69670298,177926.758365031,44082.8204919494,447969.939424713
"247","index_hat_t",2007,168919.033987946,190420.954138501,41469.2188646579,430660.358117047
"248","index_hat_t",2008,174263.801468352,180848.360765167,45178.1713638846,450286.472926649
"249","index_hat_t",2009,174086.374255766,185933.300950955,40823.4614394772,461330.222528226
"250","index_hat_t",2010,148909.31557631,159631.264763092,37436.8129462416,386995.121600369
"251","index_hat_t",2011,143034.897472503,145848.455616249,36047.035082881,359929.978528038
"252","index_hat_t",2012,130386.002005144,138477.331204997,32541.347776742,322096.751337301
"253","index_hat_t",2013,123692.125979835,138468.51201675,30072.4199403612,319656.337410675
"254","index_hat_t",2014,126794.146091673,129878.991236779,29761.9831667047,326965.315317254
"255","index_hat_t",2015,120768.095402463,136455.744015636,28209.8489527133,305856.7679101
"256","index_hat_t",2016,101109.146712914,114190.995698076,20923.1373887782,282795.214388492
"257","index_hat_t",2017,78651.507078698,91543.0864291848,16947.4715329952,215636.805935761
"258","index_hat_t",2018,55166.393946338,60188.8282747134,13962.1309204758,142513.79068422
"259","k",1968,138420.506384045,136742.294281241,40587.7992319923,354256.617679976
"260","log_b",1968,11.2004955270784,0.680415952244096,10.2191677025213,12.4110994228792
"261","log_b",1969,11.4569936534759,0.733259077004329,10.3727595527644,12.6960335619172
"262","log_b",1970,11.2672144207925,0.753616335460608,10.1402239025467,12.540070702052
"263","log_b",1971,10.9789291201543,0.741577475098612,9.90924821776477,12.1933888825248
"264","log_b",1972,10.6645295197295,0.736866320911117,9.55634782046502,11.9208126334081
"265","log_b",1973,11.0574439891919,0.743744374612003,9.95512853165257,12.304155036965
"266","log_b",1974,11.125738898179,0.751803383724838,9.99325095230769,12.3914756338522
"267","log_b",1975,11.1798073915731,0.750206515940686,10.0747151931475,12.4489623055073
"268","log_b",1976,11.0182976720366,0.743693691565643,9.90716279965801,12.295562286628
"269","log_b",1977,10.9991554362768,0.759150111210703,9.87518321741401,12.2839841361114
"270","log_b",1978,11.2271745145091,0.75744555064329,10.069755555544,12.5043666160054
"271","log_b",1979,10.9056542748993,0.756119937615705,9.7674636280084,12.1740119603807
"272","log_b",1980,10.8288209682815,0.745338755167064,9.71041266497262,12.0733715388595
"273","log_b",1981,10.8783171459819,0.746233030147457,9.78971036541787,12.138985460868
"274","log_b",1982,10.7836937717213,0.746936300815604,9.68321927662402,12.0282072346933
"275","log_b",1983,10.7419924025657,0.740291607939511,9.63217620339556,11.977573876329
"276","log_b",1984,10.884280691424,0.75311631841634,9.7892422540308,12.1790915299388
"277","log_b",1985,10.8720699917172,0.737770268179496,9.76278421633195,12.1257135178999
"278","log_b",1986,11.2105639698133,0.739338719124592,10.0970266074025,12.4601782534891
"279","log_b",1987,11.3679072098472,0.758293003036935,10.2551517398194,12.6446866460586
"280","log_b",1988,11.2076360253724,0.738665468462692,10.1049163246507,12.4471736845278
"281","log_b",1989,11.3665168830353,0.737715367897542,10.2859926901169,12.6245738399447
"282","log_b",1990,11.4230314914714,0.732382476023925,10.3359193338664,12.6947164162061
"283","log_b",1991,11.5632219064471,0.739995209627305,10.4813460417921,12.8192426737651
"284","log_b",1992,11.5770237594556,0.727554875905269,10.5110468642662,12.8182955207071
"285","log_b",1993,11.8205434859153,0.718550399344575,10.7666882568114,13.0631268855335
"286","log_b",1994,11.8302898876465,0.744207038643805,10.7042032354446,13.1018702920049
"287","log_b",1995,11.4341056327348,0.734392110908656,10.3447230666792,12.6827341248708
"288","log_b",1996,11.2726794106426,0.744184120626602,10.1495771025534,12.5392453591838
"289","log_b",1997,11.2660411850644,0.745929346148828,10.1615578121429,12.5251788377976
"290","log_b",1998,11.3904236322564,0.747572136477536,10.2659456450811,12.6892894727523
"291","log_b",1999,11.4110561240766,0.739679385337241,10.3247314056134,12.6528671258097
"292","log_b",2000,11.3945865693225,0.737676523903839,10.3043873965596,12.648694172824
"293","log_b",2001,11.5341733118822,0.737221461475161,10.4434054802023,12.8551131542079
"294","log_b",2002,11.7074414299441,0.735055158400385,10.6296565663668,12.9534464684078
"295","log_b",2003,11.5644013969913,0.727414789789436,10.4782702663953,12.7915852100482
"296","log_b",2004,11.6931398945257,0.723462813355922,10.6143104648673,12.9317997444695
"297","log_b",2005,11.733704964716,0.726616631767636,10.6572383756564,12.9701306442655
"298","log_b",2006,11.7641219379708,0.724343288555069,10.6938254202203,13.0124814044881
"299","log_b",2007,11.7312237240933,0.736582512348632,10.6327067168992,12.9730750261314
"300","log_b",2008,11.7771098851435,0.72357462324761,10.7183693137234,13.0176392416299
"301","log_b",2009,11.7629960741078,0.742260639313844,10.6170121097503,13.0418693057783
"302","log_b",2010,11.6086484805962,0.735014602889317,10.5304087793932,12.8661672546041
"303","log_b",2011,11.577142253566,0.729741513913475,10.4925798857985,12.7936593441594
"304","log_b",2012,11.4792074668204,0.733329814104619,10.3902667604378,12.6826072493815
"305","log_b",2013,11.4246737866275,0.733034810992471,10.3113637406258,12.6749950887483
"306","log_b",2014,11.4484210249092,0.741371485125439,10.3009871169618,12.6976027824083
"307","log_b",2015,11.3898411031291,0.750726075711717,10.2474264467298,12.6308719075729
"308","log_b",2016,11.1703784850786,0.804279997286965,9.9486100534496,12.5524779123156
"309","log_b",2017,10.9246326343676,0.791945701956872,9.73787378264478,12.281349593242
"310","log_b",2018,10.625400175614,0.721966076504897,9.54410399723302,11.8671940015121
"311","log_b_div_bmsy",1968,0.310745810351821,0.0996122225680229,0.144337672676059,0.466533629584403
"312","log_b_div_bmsy",1969,0.56724393674934,0.234953815675533,0.20067111288597,0.948005062889672
"313","log_b_div_bmsy",1970,0.377464704065974,0.241646213264756,0.0055625615715103,0.762687976351195
"314","log_b_div_bmsy",1971,0.0891794034277042,0.239334075347754,-0.292505562544653,0.47558720555315
"315","log_b_div_bmsy",1972,-0.225220196997054,0.23169564958837,-0.59078635895351,0.141358683512569
"316","log_b_div_bmsy",1973,0.167694272465345,0.239363633453754,-0.203427301955795,0.551831291446478
"317","log_b_div_bmsy",1974,0.235989181452434,0.240850592235284,-0.160143533013717,0.607416364491028
"318","log_b_div_bmsy",1975,0.290057674846553,0.240276088930994,-0.0954514604576516,0.658096708665679
"319","log_b_div_bmsy",1976,0.128547955310025,0.236575098813985,-0.248497147378357,0.503322416371451
"320","log_b_div_bmsy",1977,0.109405719550277,0.246162953303578,-0.279930262466967,0.497638623274098
"321","log_b_div_bmsy",1978,0.337424797782562,0.254273690183762,-0.066189489745578,0.745578882842617
"322","log_b_div_bmsy",1979,0.0159045581727732,0.247826314678082,-0.374574822185039,0.415254112211631
"323","log_b_div_bmsy",1980,-0.0609287484450497,0.237933085862685,-0.441614367587883,0.318443104248026
"324","log_b_div_bmsy",1981,-0.0114325707446596,0.239038491131799,-0.380839708481505,0.375246824421432
"325","log_b_div_bmsy",1982,-0.106055945005245,0.240795747773675,-0.495051443253289,0.274932179788432
"326","log_b_div_bmsy",1983,-0.147757314160841,0.243569150931332,-0.544540887017757,0.219002657521432
"327","log_b_div_bmsy",1984,-0.00546902530251431,0.24562801866289,-0.395025445967298,0.381371760009733
"328","log_b_div_bmsy",1985,-0.0176797250094013,0.236901462175732,-0.399861081312628,0.356820391219776
"329","log_b_div_bmsy",1986,0.320814253086795,0.248113660340709,-0.0818598626533466,0.711214863329291
"330","log_b_div_bmsy",1987,0.47815749312069,0.24941214145905,0.0839222029344762,0.862502081248258
"331","log_b_div_bmsy",1988,0.31788630864582,0.232445119030205,-0.0510396226647902,0.674643102123289
"332","log_b_div_bmsy",1989,0.476767166308782,0.243438310619361,0.0997142162066901,0.869485047775985
"333","log_b_div_bmsy",1990,0.533281774744863,0.224302601514767,0.186736746482918,0.903255835122527
"334","log_b_div_bmsy",1991,0.673472189720586,0.233338202123359,0.291804110634822,1.02874630029695
"335","log_b_div_bmsy",1992,0.687274042729078,0.213511868758086,0.349197312367097,1.01841751678944
"336","log_b_div_bmsy",1993,0.930793769188736,0.206632964697211,0.591707052968895,1.24198346900444
"337","log_b_div_bmsy",1994,0.940540170919995,0.240194483528007,0.562010074931426,1.32683670239169
"338","log_b_div_bmsy",1995,0.544355916008269,0.227652231804804,0.175962156919162,0.903414034134731
"339","log_b_div_bmsy",1996,0.382929693916065,0.233698515647643,0.00641288010781548,0.752758324993494
"340","log_b_div_bmsy",1997,0.376291468337871,0.238650615803897,-0.0177530139736671,0.750170640627762
"341","log_b_div_bmsy",1998,0.500673915529879,0.239907202791968,0.114377236016833,0.894489748143913
"342","log_b_div_bmsy",1999,0.521306407350009,0.239614146338419,0.142131740535876,0.906320620091064
"343","log_b_div_bmsy",2000,0.504836852595975,0.223654750376569,0.134505010301596,0.85333639722682
"344","log_b_div_bmsy",2001,0.644423595155636,0.228342876064462,0.274531122357095,1.01492771962767
"345","log_b_div_bmsy",2002,0.817691713217515,0.226736140357733,0.452346558372865,1.1774166591738
"346","log_b_div_bmsy",2003,0.674651680264742,0.217687575644541,0.319511912046306,1.01895926191163
"347","log_b_div_bmsy",2004,0.803390177799131,0.212391740043885,0.454054724875458,1.14101191105032
"348","log_b_div_bmsy",2005,0.843955247989459,0.219280849753913,0.499466594499253,1.1846420601022
"349","log_b_div_bmsy",2006,0.874372221244221,0.210076529765741,0.527161963496899,1.19549562653052
"350","log_b_div_bmsy",2007,0.841474007366764,0.210288726715439,0.494368424897084,1.17316059595467
"351","log_b_div_bmsy",2008,0.887360168416986,0.209558115322322,0.536048475830547,1.21608923836348
"352","log_b_div_bmsy",2009,0.873246357381237,0.221653565332069,0.505429170932167,1.21623958165045
"353","log_b_div_bmsy",2010,0.718898763869672,0.219659040756219,0.365587317126742,1.0726532635694
"354","log_b_div_bmsy",2011,0.687392536839453,0.219767160762176,0.339821505658025,1.03937721735016
"355","log_b_div_bmsy",2012,0.589457750093825,0.22886191541584,0.224645488857303,0.94522840332172
"356","log_b_div_bmsy",2013,0.534924069900948,0.225749011097051,0.179357824046172,0.878480327209562
"357","log_b_div_bmsy",2014,0.558671308182641,0.241014731002801,0.172006965132264,0.943279512528321
"358","log_b_div_bmsy",2015,0.500091386402596,0.264205120388803,0.0784248872533062,0.91995080669716
"359","log_b_div_bmsy",2016,0.280628768352077,0.371756473213666,-0.275053032939673,0.868494011125231
"360","log_b_div_bmsy",2017,0.034882917641055,0.38619380056156,-0.520094685098774,0.643530292731406
"361","log_b_div_bmsy",2018,-0.264349541112564,0.220944680673848,-0.613394102844453,0.0959220158505249
"362","log_c_div_msy",1968,-3.5377856929078,0.674415617961706,-4.70923108271337,-2.54562969721898
"363","log_c_div_msy",1969,-2.21602985292548,0.674415617961706,-3.38747524273105,-1.22387385723666
"364","log_c_div_msy",1970,-2.65505174456248,0.674415617961706,-3.82649713436806,-1.66289574887367
"365","log_c_div_msy",1971,-2.95417439941616,0.674415617961706,-4.12561978922173,-1.96201840372734
"366","log_c_div_msy",1972,-3.99586075128826,0.674415617961706,-5.16730614109383,-3.00370475559944
"367","log_c_div_msy",1973,-2.96257781021254,0.674415617961706,-4.13402320001811,-1.97042181452372
"368","log_c_div_msy",1974,-2.86867509017609,0.674415617961706,-4.04012047998167,-1.87651909448728
"369","log_c_div_msy",1975,-2.55570722049564,0.674415617961706,-3.72715261030121,-1.56355122480682
"370","log_c_div_msy",1976,-2.89330368432913,0.674415617961706,-4.06474907413471,-1.90114768864032
"371","log_c_div_msy",1977,-3.14068883447015,0.674415617961706,-4.31213422427572,-2.14853283878133
"372","log_c_div_msy",1978,-2.24717658192231,0.674415617961706,-3.41862197172789,-1.2550205862335
"373","log_c_div_msy",1979,-3.10276178255809,0.674415617961706,-4.27420717236366,-2.11060578686927
"374","log_c_div_msy",1980,-3.05999992322,0.674415617961706,-4.23144531302558,-2.06784392753119
"375","log_c_div_msy",1981,-2.71141966856163,0.674415617961706,-3.8828650583672,-1.71926367287281
"376","log_c_div_msy",1982,-2.90120886383624,0.674415617961706,-4.07265425364182,-1.90905286814743
"377","log_c_div_msy",1983,-2.84965105417139,0.674415617961706,-4.02109644397697,-1.85749505848258
"378","log_c_div_msy",1984,-2.42100610028424,0.674415617961706,-3.59245149008981,-1.42885010459542
"379","log_c_div_msy",1985,-2.76536533145334,0.674415617961706,-3.93681072125892,-1.77320933576453
"380","log_c_div_msy",1986,-1.96087097217925,0.674415617961706,-3.13231636198483,-0.968714976490439
"381","log_c_div_msy",1987,-1.60553990604654,0.674415617961706,-2.77698529585211,-0.613383910357724
"382","log_c_div_msy",1988,-2.01881968363777,0.674415617961706,-3.19026507344334,-1.02666368794896
"383","log_c_div_msy",1989,-1.74228323740091,0.674415617961706,-2.91372862720648,-0.75012724171209
"384","log_c_div_msy",1990,-1.71323640085675,0.674415617961706,-2.88468179066232,-0.721080405167934
"385","log_c_div_msy",1991,-1.351453556738,0.674415617961706,-2.52289894654357,-0.359297561049184
"386","log_c_div_msy",1992,-1.50079507590153,0.674415617961706,-2.6722404657071,-0.50863908021271
"387","log_c_div_msy",1993,-0.87630312762192,0.674415617961706,-2.04774851742749,0.115852868066896
"388","log_c_div_msy",1994,-0.986584252626509,0.674415617961706,-2.15802964243208,0.0055717430623068
"389","log_c_div_msy",1995,-1.66945105945367,0.674415617961706,-2.84089644925924,-0.677295063764852
"390","log_c_div_msy",1996,-1.79119794232646,0.674415617961706,-2.96264333213204,-0.799041946637646
"391","log_c_div_msy",1997,-2.01991497399919,0.674415617961706,-3.19136036380476,-1.02775897831037
"392","log_c_div_msy",1998,-1.61280737989352,0.674415617961706,-2.78425276969909,-0.620651384204702
"393","log_c_div_msy",1999,-1.65071604387542,0.674415617961706,-2.82216143368099,-0.6585600481866
"394","log_c_div_msy",2000,-1.88194140765954,0.674415617961706,-3.05338679746511,-0.889785411970723
"395","log_c_div_msy",2001,-1.54683389318804,0.674415617961706,-2.71827928299362,-0.554677897499228
"396","log_c_div_msy",2002,-1.23920862131129,0.674415617961706,-2.41065401111686,-0.247052625622473
"397","log_c_div_msy",2003,-1.58121824937849,0.674415617961706,-2.75266363918407,-0.589062253689678
"398","log_c_div_msy",2004,-1.32813859557302,0.674415617961706,-2.49958398537859,-0.335982599884203
"399","log_c_div_msy",2005,-1.23545063116896,0.674415617961706,-2.40689602097453,-0.243294635480143
"400","log_c_div_msy",2006,-1.15362061292133,0.674415617961706,-2.3250660027269,-0.161464617232511
"401","log_c_div_msy",2007,-0.994610134995819,0.674415617961706,-2.16605552480139,-0.00245413930700366
"402","log_c_div_msy",2008,-1.00846351308941,0.674415617961706,-2.17990890289498,-0.0163075174005941
"403","log_c_div_msy",2009,-1.0431350041704,0.674415617961706,-2.21458039397598,-0.0509790084815857
"404","log_c_div_msy",2010,-1.2078286531179,0.674415617961706,-2.37927404292347,-0.215672657429083
"405","log_c_div_msy",2011,-1.25463829380622,0.674415617961706,-2.4260836836118,-0.262482298117409
"406","log_c_div_msy",2012,-1.51855870088548,0.674415617961706,-2.69000409069105,-0.52640270519666
"407","log_c_div_msy",2013,-1.56231674161094,0.674415617961706,-2.73376213141651,-0.570160745922122
"408","log_c_div_msy",2014,-1.45647090684628,0.674415617961706,-2.62791629665185,-0.464314911157463
"409","log_c_div_msy",2015,-1.40302771055725,0.674415617961706,-2.57447310036283,-0.410871714868436
"410","log_c_div_msy",2016,-1.98650669464723,0.674415617961706,-3.1579520844528,-0.994350698958411
"411","log_c_div_msy",2017,-2.11347326460038,0.674415617961706,-3.28491865440596,-1.12131726891157
"412","log_c_div_msy",2018,-2.13906881178935,0.674415617961706,-3.31051420159492,-1.14691281610053
"413","log_depletion",1968,-0.382401370208125,0.0996122225680229,-0.548809507883886,-0.226613550975543
"414","log_depletion",1969,-0.125903243810605,0.234953815675533,-0.492476067673975,0.254857882329727
"415","log_depletion",1970,-0.315682476493972,0.241646213264756,-0.687584618988435,0.0695407957912501
"416","log_depletion",1971,-0.603967777132241,0.239334075347754,-0.985652743104598,-0.217559975006796
"417","log_depletion",1972,-0.918367377557,0.23169564958837,-1.28393353951346,-0.551788497047376
"418","log_depletion",1973,-0.5254529080946,0.239363633453754,-0.89657448251574,-0.141315889113467
"419","log_depletion",1974,-0.457157999107512,0.240850592235284,-0.853290713573663,-0.0857308160689177
"420","log_depletion",1975,-0.403089505713392,0.240276088930994,-0.788598641017597,-0.0350504718942662
"421","log_depletion",1976,-0.56459922524992,0.236575098813985,-0.941644327938302,-0.189824764188494
"422","log_depletion",1977,-0.583741461009669,0.246162953303578,-0.973077443026913,-0.195508557285847
"423","log_depletion",1978,-0.355722382777383,0.254273690183762,-0.759336670305523,0.0524317022826717
"424","log_depletion",1979,-0.677242622387172,0.247826314678082,-1.06772200274498,-0.277893068348314
"425","log_depletion",1980,-0.754075929004995,0.237933085862685,-1.13476154814783,-0.374704076311919
"426","log_depletion",1981,-0.704579751304605,0.239038491131799,-1.07398688904145,-0.317900356138513
"427","log_depletion",1982,-0.799203125565191,0.240795747773675,-1.18819862381323,-0.418215000771514
"428","log_depletion",1983,-0.840904494720786,0.243569150931332,-1.2376880675777,-0.474144523038513
"429","log_depletion",1984,-0.69861620586246,0.24562801866289,-1.08817262652724,-0.311775420550212
"430","log_depletion",1985,-0.710826905569347,0.236901462175732,-1.09300826187257,-0.336326789340169
"431","log_depletion",1986,-0.37233292747315,0.248113660340709,-0.775007043213292,0.0180676827693459
"432","log_depletion",1987,-0.214989687439255,0.24941214145905,-0.609224977625469,0.169354900688313
"433","log_depletion",1988,-0.375260871914125,0.232445119030205,-0.744186803224736,-0.0185040784366563
"434","log_depletion",1989,-0.216380014251163,0.243438310619361,-0.593432964353255,0.17633786721604
"435","log_depletion",1990,-0.159865405815082,0.224302601514767,-0.506410434077027,0.210108654562581
"436","log_depletion",1991,-0.0196749908393593,0.233338202123359,-0.401343069925124,0.335599119737002
"437","log_depletion",1992,-0.00587313783086776,0.213511868758086,-0.343949868192848,0.325270336229493
"438","log_depletion",1993,0.23764658862879,0.206632964697211,-0.10144012759105,0.548836288444497
"439","log_depletion",1994,0.24739299036005,0.240194483528007,-0.131137105628519,0.633689521831742
"440","log_depletion",1995,-0.148791264551676,0.227652231804804,-0.517185023640783,0.210266853574786
"441","log_depletion",1996,-0.31021748664388,0.233698515647643,-0.68673430045213,0.0596111444335488
"442","log_depletion",1997,-0.316855712222074,0.238650615803897,-0.710900194533612,0.0570234600678168
"443","log_depletion",1998,-0.192473265030066,0.239907202791968,-0.578769944543112,0.201342567583967
"444","log_depletion",1999,-0.171840773209936,0.239614146338419,-0.55101544002407,0.213173439531118
"445","log_depletion",2000,-0.188310327963971,0.223654750376569,-0.558642170258349,0.160189216666874
"446","log_depletion",2001,-0.0487235854043093,0.228342876064462,-0.41861605820285,0.321780539067723
"447","log_depletion",2002,0.12454453265757,0.226736140357733,-0.24080062218708,0.484269478613857
"448","log_depletion",2003,-0.0184955002952034,0.217687575644541,-0.373635268513639,0.32581208135169
"449","log_depletion",2004,0.110242997239186,0.212391740043885,-0.239092455684487,0.447864730490374
"450","log_depletion",2005,0.150808067429513,0.219280849753913,-0.193680586060692,0.491494879542252
"451","log_depletion",2006,0.181225040684275,0.210076529765741,-0.165985217063046,0.502348445970577
"452","log_depletion",2007,0.148326826806819,0.210288726715439,-0.198778755662861,0.480013415394729
"453","log_depletion",2008,0.194212987857041,0.209558115322322,-0.157098704729398,0.522942057803532
"454","log_depletion",2009,0.180099176821291,0.221653565332069,-0.187718009627778,0.523092401090507
"455","log_depletion",2010,0.0257515833097268,0.219659040756219,-0.327559863433203,0.379506083009451
"456","log_depletion",2011,-0.00575464372049249,0.219767160762176,-0.35332567490192,0.346230036790217
"457","log_depletion",2012,-0.103689430466121,0.22886191541584,-0.468501691702643,0.252081222761774
"458","log_depletion",2013,-0.158223110658998,0.225749011097051,-0.513789356513773,0.185333146649617
"459","log_depletion",2014,-0.134475872377304,0.241014731002801,-0.521140215427681,0.250132331968376
"460","log_depletion",2015,-0.19305579415735,0.264205120388803,-0.614722293306639,0.226803626137215
"461","log_depletion",2016,-0.412518412207868,0.371756473213666,-0.968200213499619,0.175346830565285
"462","log_depletion",2017,-0.65826426291889,0.38619380056156,-1.21324186565872,-0.0496168878285389
"463","log_depletion",2018,-0.957496721672509,0.220944680673848,-1.3065412834044,-0.59722516470942
"464","log_ihat",1968,11.2004955270784,0.680415952244096,10.2191677025213,12.4110994228792
"465","log_ihat",1969,11.4569936534759,0.733259077004329,10.3727595527644,12.6960335619172
"466","log_ihat",1970,11.2672144207925,0.753616335460608,10.1402239025467,12.540070702052
"467","log_ihat",1971,10.9789291201543,0.741577475098612,9.90924821776477,12.1933888825248
"468","log_ihat",1972,10.6645295197295,0.736866320911117,9.55634782046502,11.9208126334081
"469","log_ihat",1973,11.0574439891919,0.743744374612003,9.95512853165257,12.304155036965
"470","log_ihat",1974,11.125738898179,0.751803383724838,9.99325095230769,12.3914756338522
"471","log_ihat",1975,11.1798073915731,0.750206515940686,10.0747151931475,12.4489623055073
"472","log_ihat",1976,11.0182976720366,0.743693691565643,9.90716279965801,12.295562286628
"473","log_ihat",1977,10.9991554362768,0.759150111210703,9.87518321741401,12.2839841361114
"474","log_ihat",1978,11.2271745145091,0.75744555064329,10.069755555544,12.5043666160054
"475","log_ihat",1979,10.9056542748993,0.756119937615705,9.7674636280084,12.1740119603807
"476","log_ihat",1980,10.8288209682815,0.745338755167064,9.71041266497262,12.0733715388595
"477","log_ihat",1981,10.8783171459819,0.746233030147457,9.78971036541787,12.138985460868
"478","log_ihat",1982,10.7836937717213,0.746936300815604,9.68321927662402,12.0282072346933
"479","log_ihat",1983,10.7419924025657,0.740291607939511,9.63217620339556,11.977573876329
"480","log_ihat",1984,10.884280691424,0.75311631841634,9.7892422540308,12.1790915299388
"481","log_ihat",1985,10.8720699917172,0.737770268179496,9.76278421633195,12.1257135178999
"482","log_ihat",1986,11.2105639698133,0.739338719124592,10.0970266074025,12.4601782534891
"483","log_ihat",1987,11.3679072098472,0.758293003036935,10.2551517398194,12.6446866460586
"484","log_ihat",1988,11.2076360253724,0.738665468462692,10.1049163246507,12.4471736845278
"485","log_ihat",1989,11.3665168830353,0.737715367897542,10.2859926901169,12.6245738399447
"486","log_ihat",1990,11.4230314914714,0.732382476023925,10.3359193338664,12.6947164162061
"487","log_ihat",1991,11.5632219064471,0.739995209627305,10.4813460417921,12.8192426737651
"488","log_ihat",1992,11.5770237594556,0.727554875905269,10.5110468642662,12.8182955207071
"489","log_ihat",1993,11.8205434859153,0.718550399344575,10.7666882568114,13.0631268855335
"490","log_ihat",1994,11.8302898876465,0.744207038643805,10.7042032354446,13.1018702920049
"491","log_ihat",1995,11.4341056327348,0.734392110908656,10.3447230666792,12.6827341248708
"492","log_ihat",1996,11.2726794106426,0.744184120626602,10.1495771025534,12.5392453591838
"493","log_ihat",1997,11.2660411850644,0.745929346148828,10.1615578121429,12.5251788377976
"494","log_ihat",1998,11.3904236322564,0.747572136477536,10.2659456450811,12.6892894727523
"495","log_ihat",1999,11.4110561240766,0.739679385337241,10.3247314056134,12.6528671258097
"496","log_ihat",2000,11.3945865693225,0.737676523903839,10.3043873965596,12.648694172824
"497","log_ihat",2001,11.5341733118822,0.737221461475161,10.4434054802023,12.8551131542079
"498","log_ihat",2002,11.7074414299441,0.735055158400385,10.6296565663668,12.9534464684078
"499","log_ihat",2003,11.5644013969913,0.727414789789436,10.4782702663953,12.7915852100482
"500","log_ihat",2004,11.6931398945257,0.723462813355922,10.6143104648673,12.9317997444695
"501","log_ihat",2005,11.733704964716,0.726616631767636,10.6572383756564,12.9701306442655
"502","log_ihat",2006,11.7641219379708,0.724343288555069,10.6938254202203,13.0124814044881
"503","log_ihat",2007,11.7312237240933,0.736582512348632,10.6327067168992,12.9730750261314
"504","log_ihat",2008,11.7771098851435,0.72357462324761,10.7183693137234,13.0176392416299
"505","log_ihat",2009,11.7629960741078,0.742260639313844,10.6170121097503,13.0418693057783
"506","log_ihat",2010,11.6086484805962,0.735014602889317,10.5304087793932,12.8661672546041
"507","log_ihat",2011,11.577142253566,0.729741513913475,10.4925798857985,12.7936593441594
"508","log_ihat",2012,11.4792074668204,0.733329814104619,10.3902667604378,12.6826072493815
"509","log_ihat",2013,11.4246737866275,0.733034810992471,10.3113637406258,12.6749950887483
"510","log_ihat",2014,11.4484210249092,0.741371485125439,10.3009871169618,12.6976027824083
"511","log_ihat",2015,11.3898411031291,0.750726075711717,10.2474264467298,12.6308719075729
"512","log_ihat",2016,11.1703784850786,0.804279997286965,9.9486100534496,12.5524779123156
"513","log_ihat",2017,10.9246326343676,0.791945701956872,9.73787378264478,12.281349593242
"514","log_ihat",2018,10.625400175614,0.721966076504897,9.54410399723302,11.8671940015121
"515","log_sigma_ratio",1968,-0.0010019180930115,0.0495097339404525,-0.0814022842236151,0.077284709800619
"516","log_u_div_umsy",1968,-3.84853150325962,0.686310755245959,-5.05806355548888,-2.85527603175897
"517","log_u_div_umsy",1969,-2.78327378967482,0.740886635326526,-4.06884401629295,-1.67607539066055
"518","log_u_div_umsy",1970,-3.03251644862846,0.757525714239932,-4.2957140280071,-1.88071020680809
"519","log_u_div_umsy",1971,-3.04335380284386,0.745028465321821,-4.27640504337442,-1.9440308893877
"520","log_u_div_umsy",1972,-3.7706405542912,0.739869634793799,-5.04002930421971,-2.65777483704918
"521","log_u_div_umsy",1973,-3.13027208267788,0.747398327389806,-4.39500533261944,-2.01811243636607
"522","log_u_div_umsy",1974,-3.10466427162852,0.756992351417903,-4.3760587984026,-1.94112707602617
"523","log_u_div_umsy",1975,-2.84576489534219,0.755128143578113,-4.14332292531489,-1.72014867169281
"524","log_u_div_umsy",1976,-3.02185163963916,0.749505573616299,-4.28788522198418,-1.88849714119274
"525","log_u_div_umsy",1977,-3.25009455402042,0.763572034019414,-4.53973428668997,-2.10834908354354
"526","log_u_div_umsy",1978,-2.58460137970487,0.764599256821685,-3.86402511803004,-1.42352188244501
"527","log_u_div_umsy",1979,-3.11866634073086,0.758887616818898,-4.40041882224875,-1.9865111674381
"528","log_u_div_umsy",1980,-2.99907117477495,0.749777087256334,-4.25811070583009,-1.86421462722832
"529","log_u_div_umsy",1981,-2.69998709781697,0.752368073356294,-3.96680621434092,-1.57875637594436
"530","log_u_div_umsy",1982,-2.795152918831,0.751250140043833,-4.0843733636413,-1.6881534740396
"531","log_u_div_umsy",1983,-2.70189374001055,0.744761923457492,-3.95525845573616,-1.58788888549509
"532","log_u_div_umsy",1984,-2.41553707498172,0.759296966471928,-3.7063347484387,-1.28436617306328
"533","log_u_div_umsy",1985,-2.74768560644394,0.744654990915956,-4.01972523541411,-1.61007586638973
"534","log_u_div_umsy",1986,-2.28168522526605,0.746861058793909,-3.54828911911238,-1.15034124286029
"535","log_u_div_umsy",1987,-2.08369739916723,0.766087335357645,-3.36713878817365,-0.93050370278092
"536","log_u_div_umsy",1988,-2.33670599228359,0.744154493966279,-3.56596844548024,-1.20911377944184
"537","log_u_div_umsy",1989,-2.21905040370969,0.741626537452701,-3.50944781924931,-1.1252136776745
"538","log_u_div_umsy",1990,-2.24651817560161,0.734677456925866,-3.53326448313545,-1.14042774813068
"539","log_u_div_umsy",1991,-2.02492574645859,0.743543768024004,-3.29412877494257,-0.916521310757135
"540","log_u_div_umsy",1992,-2.1880691186306,0.724916197683915,-3.42185673382324,-1.11528113696136
"541","log_u_div_umsy",1993,-1.80709689681066,0.71606114443316,-3.05875305764761,-0.749853765544165
"542","log_u_div_umsy",1994,-1.9271244235465,0.741588560849705,-3.18881658550256,-0.817257866314503
"543","log_u_div_umsy",1995,-2.21380697546194,0.733385142136317,-3.48727773737718,-1.11483537701137
"544","log_u_div_umsy",1996,-2.17412763624253,0.742891155461072,-3.42006443722937,-1.06022075719182
"545","log_u_div_umsy",1997,-2.39620644233706,0.74818647673473,-3.66742676678266,-1.30118188706168
"546","log_u_div_umsy",1998,-2.1134812954234,0.751532146073421,-3.40477132469372,-0.988176637911932
"547","log_u_div_umsy",1999,-2.17202245122542,0.740578589663535,-3.47395167529775,-1.03792123404943
"548","log_u_div_umsy",2000,-2.38677826025551,0.739823398558994,-3.67131661306628,-1.30266247453763
"549","log_u_div_umsy",2001,-2.19125748834368,0.735269609269521,-3.49448376013038,-1.09537675441646
"550","log_u_div_umsy",2002,-2.0569003345288,0.737769079247532,-3.33936665327547,-0.96217563442819
"551","log_u_div_umsy",2003,-2.25586992964324,0.726755840327273,-3.51309584235938,-1.1884426648305
"552","log_u_div_umsy",2004,-2.13152877337215,0.725915320109119,-3.37958457210841,-1.04791309233567
"553","log_u_div_umsy",2005,-2.07940587915842,0.725545978051652,-3.33640311063753,-0.979314811818798
"554","log_u_div_umsy",2006,-2.02799283416555,0.72170904716044,-3.29470238939302,-0.947160831088541
"555","log_u_div_umsy",2007,-1.83608414236258,0.735015846961718,-3.09178294592805,-0.727597638286292
"556","log_u_div_umsy",2008,-1.8958236815064,0.72376223462231,-3.12842184770252,-0.836638632550985
"557","log_u_div_umsy",2009,-1.91638136155164,0.738143151158011,-3.2070975959294,-0.815480760809443
"558","log_u_div_umsy",2010,-1.92672741698757,0.735999826043825,-3.18769929642099,-0.838176114797275
"559","log_u_div_umsy",2011,-1.94203083064568,0.731309320318255,-3.19936351316696,-0.858894185815707
"560","log_u_div_umsy",2012,-2.1080164509793,0.733707417352487,-3.3202736341288,-1.00798770444808
"561","log_u_div_umsy",2013,-2.09724081151189,0.735885558674331,-3.34030534836114,-1.0057279378604
"562","log_u_div_umsy",2014,-2.01514221502892,0.744454364427221,-3.28493304487932,-0.87305201855901
"563","log_u_div_umsy",2015,-1.90311909695985,0.758062604776077,-3.15723722454069,-0.741614322547864
"564","log_u_div_umsy",2016,-2.2671354629993,0.813821610428596,-3.64136226259299,-1.04811391498616
"565","log_u_div_umsy",2017,-2.14835618224144,0.803505075152438,-3.54382170199975,-0.950104992574527
"566","log_u_div_umsy",2018,-1.87471927067678,0.72893891790931,-3.13495078594577,-0.764134669578452
"567","m",1968,2,0,2,2
"568","msy",1968,17788.1511125886,17052.8988631612,5100.50212566928,44386.7883625136
"569","pen",1968,0,0,0,0
"570","plim",1968,0.05,0,0.05,0.05
"571","proc_errors",1968,1.14898369446261,0.272362169893215,0.768940597694363,1.62961473561225
"572","proc_errors",1969,0.831510637190365,0.191765766046199,0.564760428119749,1.16464567137816
"573","proc_errors",1970,0.693119161563222,0.160956071388286,0.47210763665641,0.975634557806973
"574","proc_errors",1971,0.617760326681634,0.134349924499793,0.426525643527567,0.847620007818524
"575","proc_errors",1972,1.17081614517003,0.266269993617047,0.798248785988473,1.64071601870125
"576","proc_errors",1973,0.923304506734348,0.203987320413008,0.647129080731238,1.26884223444956
"577","proc_errors",1974,0.930357683899755,0.211455452697014,0.638773003347816,1.29115335313001
"578","proc_errors",1975,0.765230322703825,0.173468433677598,0.528411743166492,1.06057565173074
"579","proc_errors",1976,0.841165616840623,0.196227498584377,0.569309008668323,1.18184652252687
"580","proc_errors",1977,1.06997856297976,0.251543723536007,0.722687311857328,1.50587301106181
"581","proc_errors",1978,0.667680259367766,0.149929103441926,0.455026083847201,0.925393174249942
"582","proc_errors",1979,0.771062884523958,0.174441762770977,0.534012462925971,1.07670771671313
"583","proc_errors",1980,0.862321649649917,0.197836974203636,0.585016020754173,1.21343009916398
"584","proc_errors",1981,0.758547899159812,0.177899255938161,0.511020395641366,1.06283406340892
"585","proc_errors",1982,0.782965754805376,0.180459480582739,0.534058884081805,1.08712749446314
"586","proc_errors",1983,0.936804325559688,0.224350458798541,0.630060705350954,1.32491628608542
"587","proc_errors",1984,0.828801629395324,0.187670756404732,0.567565024281606,1.14782219615902
"588","proc_errors",1985,1.16928656995919,0.280780123965291,0.776825241991582,1.66537523131014
"589","proc_errors",1986,1.0809218859904,0.259663966612302,0.733871161874423,1.53941864486452
"590","proc_errors",1987,0.840299497066259,0.190253534999795,0.577357851137674,1.16306794677195
"591","proc_errors",1988,1.07764613971922,0.255748214172742,0.714087268865241,1.50682170473122
"592","proc_errors",1989,1.03272848228731,0.222315070728395,0.723220743360782,1.42955461773352
"593","proc_errors",1990,1.14667781610096,0.253224211756042,0.793288347199387,1.5962551853093
"594","proc_errors",1991,1.09424440598576,0.229980419076637,0.76760011635726,1.49683638078149
"595","proc_errors",1992,1.36652207349139,0.268500156104512,0.977975840380725,1.82882612376531
"596","proc_errors",1993,1.31865271601136,0.30623644006058,0.894463303969109,1.84326269588389
"597","proc_errors",1994,0.891274331108386,0.199382456745488,0.617329802880563,1.24251596638953
"598","proc_errors",1995,0.852989267422305,0.188437509189085,0.591271008996552,1.17857300143426
"599","proc_errors",1996,0.935462770064742,0.210381063289836,0.638534936449195,1.31169376154077
"600","proc_errors",1997,1.05961811579013,0.249705851690999,0.709503149840919,1.5117264836517
"601","proc_errors",1998,1.01352332513903,0.234933607543035,0.687304422204333,1.40866489239102
"602","proc_errors",1999,0.977950686891969,0.20642906220777,0.682935451737411,1.32654291986029
"603","proc_errors",2000,1.12941615157033,0.261095120340073,0.761904588281042,1.56903700417505
"604","proc_errors",2001,1.25335827976175,0.274225346825749,0.881393508802484,1.72993778284141
"605","proc_errors",2002,1.02608543979819,0.221077531326042,0.706681415845834,1.40811164148167
"606","proc_errors",2003,1.21159317991872,0.255777284177847,0.851625292669088,1.66280657987087
"607","proc_errors",2004,1.21022190605469,0.25963002060676,0.842138858394563,1.63890054632925
"608","proc_errors",2005,1.2328188620605,0.242900718465164,0.87895150260808,1.66597555956737
"609","proc_errors",2006,1.18238586947462,0.237809998341809,0.847480672308929,1.58713994213518
"610","proc_errors",2007,1.26431734320205,0.263347508440216,0.879562496867589,1.72094208483598
"611","proc_errors",2008,1.232008087424,0.258668781670807,0.844461335127955,1.68836274347986
"612","proc_errors",2009,1.05901889097657,0.226635620452749,0.73244113879147,1.46272669692158
"613","proc_errors",2010,1.07703041217585,0.234268716407894,0.745947420899317,1.48497507434558
"614","proc_errors",2011,0.990236979736466,0.220582829217667,0.683530536275816,1.37887524376159
"615","proc_errors",2012,0.974593661471665,0.216047842869907,0.666136993827777,1.33869579419058
"616","proc_errors",2013,1.03045802610064,0.242109310879461,0.700556110388328,1.44894439196966
"617","proc_errors",2014,0.968110057004978,0.238754802393356,0.643411496462215,1.38420913898133
"618","proc_errors",2015,0.831388258450384,0.29108442210459,0.486627987825551,1.32648008993524
"619","proc_errors",2016,0.753728023381896,0.282859111555259,0.443263615191731,1.19421946530753
"620","proc_errors",2017,0.654811455589152,0.174054712111533,0.426500413853265,0.959134938337276
"621","r",1968,0.520191800210346,0.0872571841829673,0.392833554867654,0.674067515737578
"622","sigma_obs",1968,0.303504758598867,0.033379028405316,0.255266620198127,0.361069215105665
"623","sigma_proc",1968,0.303214625162544,0.0334288185007865,0.255260308439683,0.357818428858869
"624","sigma_ratio",1968,1.00022287613316,0.0495452497567838,0.92182278308249,1.08034961968649
"625","terminal_ref",1968,0.393348324945065,0.0881990954244554,0.270754905224048,0.550336613004555
"626","u_t",1968,0.00672025360364776,0.00422462473111823,0.00162925271005439,0.0145858612579835
"627","u_t",1969,0.0202765988206231,0.0144711712781975,0.00459489903529708,0.0469093444930031
"628","u_t",1970,0.0160173871637799,0.0117970168176305,0.00346212679418603,0.0381577944531113
"629","u_t",1971,0.0157352724329328,0.0116436694925815,0.00363076135245974,0.0356440739150861
"630","u_t",1972,0.0075680036488684,0.00540013237827194,0.00168258842695586,0.017899934447213
"631","u_t",1973,0.0144213375773366,0.0105139334147444,0.00322287658799807,0.0337607605858039
"632","u_t",1974,0.0149012557859885,0.0109582255171348,0.00324415509756447,0.0356976391933031
"633","u_t",1975,0.0192394997239388,0.0138764176854993,0.00418847253714699,0.0449964316276762
"634","u_t",1976,0.0160846747438708,0.0116895733923333,0.00348385695549407,0.0379602366856161
"635","u_t",1977,0.0129357390168556,0.00966422634831139,0.00275201274568826,0.0306041011785624
"636","u_t",1978,0.0251026710369533,0.0183913988220685,0.00539494485246322,0.0615637617803148
"637","u_t",1979,0.014696805053269,0.0106901205678236,0.00319067285932844,0.0354024176867113
"638","u_t",1980,0.0164715016965503,0.0120492240857709,0.00368265777957608,0.039118400015753
"639","u_t",1981,0.0221763868111465,0.0159149658959264,0.00488710639897931,0.0512069659104998
"640","u_t",1982,0.020205742423333,0.0147808177745359,0.00451585497712189,0.0471143984302312
"641","u_t",1983,0.0221050175776096,0.0159794230013088,0.00500171368562917,0.0522049997057032
"642","u_t",1984,0.0296470465657215,0.0217918373468514,0.00627709904364128,0.0684947648181715
"643","u_t",1985,0.0210642702536819,0.0151236359453461,0.00469232772414635,0.0498419485738704
"644","u_t",1986,0.0336065407539204,0.0241929577760282,0.007507903839547,0.0797668534245263
"645","u_t",1987,0.0416252327594216,0.0316920904692577,0.0089064788898273,0.0971556099685049
"646","u_t",1988,0.0318440480811141,0.02321108205187,0.0071779390352345,0.0746842823251892
"647","u_t",1989,0.0356250794485266,0.0251755742950411,0.00792600291522683,0.0821650191829779
"648","u_t",1990,0.0345957535330974,0.02438425963426,0.00760687736693938,0.0804672132223603
"649","u_t",1991,0.0433506873290706,0.0307804605045995,0.00964380475011576,0.0999036236955953
"650","u_t",1992,0.0366144780707077,0.0257800077430292,0.00831378454266266,0.0835264749714665
"651","u_t",1993,0.0532847636857015,0.0372607841641807,0.0121530029086287,0.120785256306011
"652","u_t",1994,0.0480835760151517,0.0349563278790791,0.0104703893232281,0.115147974703697
"653","u_t",1995,0.0358043899254326,0.0251742358418844,0.00804315335299531,0.0833318974259125
"654","u_t",1996,0.037548495329161,0.0271458743176283,0.00821995420770918,0.0896784551798729
"655","u_t",1997,0.0300950217360481,0.0217903320604358,0.00663207256345221,0.070494421437948
"656","u_t",1998,0.0399667561502687,0.0290281564552152,0.00845628153236204,0.0954166079912591
"657","u_t",1999,0.0374351606074775,0.0267764384364216,0.0084437318080676,0.0866223695993199
"658","u_t",2000,0.0301116438183841,0.0211114249832671,0.00672862141512587,0.0701528911310267
"659","u_t",2001,0.0366362762299659,0.0260860042578643,0.00765269963153294,0.0853504990189112
"660","u_t",2002,0.0418980764567698,0.0297188915768614,0.00943430706132451,0.0963647367985993
"661","u_t",2003,0.0341358724313696,0.0238796075049025,0.00787900957140122,0.0796400420170796
"662","u_t",2004,0.0385492835630831,0.0267765919865851,0.00882040232982203,0.0895285406153627
"663","u_t",2005,0.040768128325146,0.0288301383736679,0.00931312091715118,0.0940961298682684
"664","u_t",2006,0.0428913552983371,0.030243615867707,0.00968815016996506,0.0984510522475937
"665","u_t",2007,0.0522972521505755,0.0371391150887036,0.0118144145495294,0.122693413075769
"666","u_t",2008,0.048916388366502,0.0345505852134339,0.0111440172939374,0.111071339515103
"667","u_t",2009,0.048620926517629,0.0360016704079669,0.0105065753669045,0.118730773909318
"668","u_t",2010,0.0477637014342895,0.0342397622311482,0.0106228752971792,0.109811923226286
"669","u_t",2011,0.0469221278824263,0.0334163672442915,0.0108994603393229,0.108830034459983
"670","u_t",2012,0.0398258628567178,0.0287194040009639,0.00935433216112309,0.0925899029468783
"671","u_t",2013,0.0402945099572621,0.0291408292061411,0.00902230901002553,0.095901828244757
"672","u_t",2014,0.0440172764668407,0.0321975921434453,0.0098054500668193,0.10772131803556
"673","u_t",2015,0.0495990192318333,0.0372076375591091,0.0110574696427987,0.119887207657227
"674","u_t",2016,0.03581241922722,0.0292278268115548,0.00667267807259863,0.0901873882934637
"675","u_t",2017,0.0398103079163495,0.0311128642577398,0.00770742292230278,0.0980677551541557
"676","u_t",2018,0.0498713117490125,0.034805543592592,0.0113673220791783,0.116028137012745
"677","umsy",1968,0.260095900105173,0.0436285920914836,0.196416777433827,0.337033757868789
"678","b",1968,73166.688927564,0.680415952244096,27423.8321964516,245511.587054064
"679","b",1969,94560.3612989393,0.733259077004329,31976.5964338478,326450.484877338
"680","b",1970,78214.8198551579,0.753616335460608,25342.1400196978,279308.085885217
"681","b",1971,58625.7395241971,0.741577475098612,20115.545795361,197479.267380568
"682","b",1972,42810.1079066156,0.736866320911117,14134.131435705,150363.749383106
"683","b",1973,63414.2570145772,0.743744374612003,21059.9525300681,220610.732707742
"684","b",1974,67896.4410897979,0.751803383724838,21878.3086488616,240740.684164424
"685","b",1975,71668.5567660087,0.750206515940686,23735.2174649123,254985.588155788
"686","b",1976,60979.7836125083,0.743693691565643,20073.6401824811,218723.200918491
"687","b",1977,59823.5955348888,0.759150111210703,19441.8495979113,216205.394673316
"688","b",1978,75144.9740855689,0.75744555064329,23617.7908253401,269511.57437725
"689","b",1979,54483.5595167344,0.756119937615705,17456.435007815,193689.561979162
"690","b",1980,50454.1846226514,0.745338755167064,16488.4046600953,175145.360378909
"691","b",1981,53014.3094640823,0.746233030147457,17849.1356919758,187022.734042657
"692","b",1982,48227.9386291425,0.746936300815604,16046.0706075363,167411.014889948
"693","b",1983,46258.1249712566,0.740291607939511,15247.5818674772,159145.455316817
"694","b",1984,53331.4072815089,0.75311631841634,17840.7822636291,194675.924609861
"695","b",1985,52684.1532368111,0.737770268179496,17374.9399850981,184556.977864382
"696","b",1986,73907.0846061843,0.739338719124592,24270.7356028554,257861.591652019
"697","b",1987,86500.6502166528,0.758293003036935,28428.6221783948,310111.331561858
"698","b",1988,73691.0052571954,0.738665468462692,24462.9822327038,254529.923210765
"699","b",1989,86380.4696079296,0.737715367897542,29319.0481157416,303936.427953102
"700","b",1990,91402.8091334344,0.732382476023925,30820.0069342643,326020.785072043
"701","b",1991,105158.278292859,0.739995209627305,35644.3540557298,369254.975075933
"702","b",1992,106619.719491559,0.727554875905269,36718.8991337095,368905.399673964
"703","b",1993,136018.132891528,0.718550399344575,47414.7317975062,471241.926514788
"704","b",1994,137350.301637843,0.744207038643805,44542.6856039266,489857.735396141
"705","b",1995,92420.6421650933,0.734392110908656,31092.535916562,322137.620111303
"706","b",1996,78643.4331687467,0.744184120626602,25580.2820829731,279077.656053387
"707","b",1997,78123.1092436396,0.745929346148828,25888.5952311075,275179.485363194
"708","b",1998,88470.4283532252,0.747572136477536,28737.140094082,324256.280969321
"709","b",1999,90314.7548411598,0.739679385337241,30477.116600769,312658.595746545
"710","b",2000,88839.4928417979,0.737676523903839,29863.3542268048,311356.604589219
"711","b",2001,102147.518973791,0.737221461475161,34317.3206255228,382740.753135005
"712","b",2002,121472.287574917,0.735055158400385,41342.9242110566,422289.538696832
"713","b",2003,105282.384664504,0.727414789789436,35534.8884605813,359182.254032359
"714","b",2004,119747.410943478,0.723462813355922,40713.3148803544,413246.581935026
"715","b",2005,124704.842575096,0.726616631767636,42499.1083909684,429394.194481974
"716","b",2006,128556.263786926,0.724343288555069,44082.8201696358,447969.937113503
"717","b",2007,124395.803412666,0.736582512348632,41469.2188642872,430660.358081344
"718","b",2008,130236.83571531,0.72357462324761,45178.171317838,450286.462087219
"719","b",2009,128411.608381595,0.742260639313844,40823.4565139723,461330.186721642
"720","b",2010,110045.421315512,0.735014602889317,37436.7746380711,386995.078394488
"721","b",2011,106632.354048914,0.729741513913475,36047.0347601856,359928.019338861
"722","b",2012,96684.4118027049,0.733329814104619,32541.3465221497,322096.751335817
"723","b",2013,91553.0428544162,0.733034810992471,30072.4196691691,319654.207437882
"724","b",2014,93753.1951553722,0.741371485125439,29761.9829157774,326963.159812338
"725","b",2015,88418.9067596776,0.750726075711717,28209.8488719248,305856.680724585
"726","b",2016,70995.9764769271,0.804279997286965,20923.1201425198,282795.1074075
"727","b",2017,55527.4423544303,0.791945701956872,16947.4690427021,215636.541954901
"728","b",2018,41167.326542003,0.721966076504897,13962.130750591,142513.783668618
"729","b_div_bmsy",1968,1.36444234998159,0.0996122225680229,1.15527414718137,1.5944576221278
"730","b_div_bmsy",1969,1.76340030520674,0.234953815675533,1.222222732407,2.58055647301029
"731","b_div_bmsy",1970,1.4585819608731,0.241646213264756,1.00557806134328,2.14403158809052
"732","b_div_bmsy",1971,1.09327677633461,0.239334075347754,0.74639109319055,1.60895870963634
"733","b_div_bmsy",1972,0.798340407243201,0.23169564958837,0.553891555853088,1.15183771909841
"734","b_div_bmsy",1973,1.18257500963269,0.239363633453754,0.815929518646844,1.73643001741177
"735","b_div_bmsy",1974,1.26616061207397,0.240850592235284,0.852021486977457,1.83568253217973
"736","b_div_bmsy",1975,1.33650456849855,0.240276088930994,0.908962481205741,1.93111336310594
"737","b_div_bmsy",1976,1.13717595360906,0.236575098813985,0.779972085797212,1.65420811899197
"738","b_div_bmsy",1977,1.11561488530365,0.246162953303578,0.755836449787214,1.64483261176531
"739","b_div_bmsy",1978,1.40133422098855,0.254273690183762,0.935953493897783,2.10766117079442
"740","b_div_bmsy",1979,1.01603170885555,0.247826314678082,0.687581561076343,1.51475560968808
"741","b_div_bmsy",1980,0.940890277283012,0.237933085862685,0.64299754834639,1.37498538813069
"742","b_div_bmsy",1981,0.988632532755943,0.239038491131799,0.68328740601827,1.45535058635666
"743","b_div_bmsy",1982,0.899374331166773,0.240795747773675,0.609539549792301,1.31644139050639
"744","b_div_bmsy",1983,0.862640440159998,0.243569150931332,0.580108057350475,1.24483458485772
"745","b_div_bmsy",1984,0.994545902590293,0.24562801866289,0.673662897026721,1.46429186939529
"746","b_div_bmsy",1985,0.982475644352193,0.236901462175732,0.670413172484906,1.42877922551287
"747","b_div_bmsy",1986,1.37824955151634,0.248113660340709,0.921401072350798,2.03646378162363
"748","b_div_bmsy",1987,1.61309951545562,0.24941214145905,1.0875442827638,2.36908091711554
"749","b_div_bmsy",1988,1.37422001541134,0.232445119030205,0.950241018705145,1.96333214184148
"750","b_div_bmsy",1989,1.61085833829437,0.243438310619361,1.10485512326509,2.3856820248929
"751","b_div_bmsy",1990,1.70451698056762,0.224302601514767,1.20530994119962,2.46762422397853
"752","b_div_bmsy",1991,1.9610345972602,0.233338202123359,1.33884072729004,2.79755633967999
"753","b_div_bmsy",1992,1.98828815065643,0.213511868758086,1.41792893765734,2.76880970037057
"754","b_div_bmsy",1993,2.53652179158142,0.206632964697211,1.80707054911252,3.4624743689074
"755","b_div_bmsy",1994,2.56136461939604,0.240194483528007,1.75419502228262,3.76910171954671
"756","b_div_bmsy",1995,1.72349794737044,0.227652231804804,1.19239293397466,2.46801463057341
"757","b_div_bmsy",1996,1.46657491730448,0.233698515647643,1.006433486649,2.12284745152521
"758","b_div_bmsy",1997,1.45687170386773,0.238650615803897,0.98240364236831,2.11736129364788
"759","b_div_bmsy",1998,1.6498327440464,0.239907202791968,1.12117499270707,2.44608735036954
"760","b_div_bmsy",1999,1.68422649896706,0.239614146338419,1.15272849960457,2.47519856253891
"761","b_div_bmsy",2000,1.65671520962554,0.223654750376569,1.14397039062471,2.34746587963252
"762","b_div_bmsy",2001,1.90488872567912,0.228342876064462,1.31591352776252,2.75916395677043
"763","b_div_bmsy",2002,2.26526491694119,0.226736140357733,1.5719966427867,3.2459778950795
"764","b_div_bmsy",2003,1.96334898365455,0.217687575644541,1.37645576887327,2.77031009589932
"765","b_div_bmsy",2004,2.23309871181526,0.212391740043885,1.57468416951218,3.12993397803587
"766","b_div_bmsy",2005,2.32554692512739,0.219280849753913,1.64784206821171,3.26951632165612
"767","b_div_bmsy",2006,2.39736980362665,0.210076529765741,1.69411751222606,3.3051955071972
"768","b_div_bmsy",2007,2.31978383638846,0.210288726715439,1.63946246833081,3.23219216522867
"769","b_div_bmsy",2008,2.42870979652353,0.209558115322322,1.70923939929647,3.37396711796498
"770","b_div_bmsy",2009,2.39467221044483,0.221653565332069,1.65769680310125,3.37447440940462
"771","b_div_bmsy",2010,2.05217203983499,0.219659040756219,1.44136029519263,2.92312504113241
"772","b_div_bmsy",2011,1.9885237650512,0.219767160762176,1.40469683774755,2.82745557563606
"773","b_div_bmsy",2012,1.80301046801877,0.22886191541584,1.25187883252022,2.57340108482463
"774","b_div_bmsy",2013,1.70731860046197,0.225749011097051,1.19644878572708,2.40723871019562
"775","b_div_bmsy",2014,1.74834794072371,0.241014731002801,1.18768610557591,2.56839069108368
"776","b_div_bmsy",2015,1.64887194829078,0.264205120388803,1.08158211150793,2.5091669526904
"777","b_div_bmsy",2016,1.3239620160934,0.371756473213666,0.759531841950507,2.38331889773541
"778","b_div_bmsy",2017,1.03549846309915,0.38619380056156,0.594464258398321,1.90318784377665
"779","b_div_bmsy",2018,0.767705148240885,0.220944680673848,0.541509806489526,1.10067322558166
"780","c_div_msy",1968,0.0290776426790857,0.674415617961706,0.00901170417422877,0.0784236532728704
"781","c_div_msy",1969,0.109041160046571,0.674415617961706,0.0337938906533579,0.294088699773264
"782","c_div_msy",1970,0.0702952011766896,0.674415617961706,0.021785794841198,0.189589181787164
"783","c_div_msy",1971,0.0521216745022611,0.674415617961706,0.0161534797323051,0.14057439849162
"784","c_div_msy",1972,0.0183916089945217,0.674415617961706,0.00569990289019969,0.0496029606950905
"785","c_div_msy",1973,0.0516855098620748,0.674415617961706,0.0160183041696916,0.139398043692527
"786","c_div_msy",1974,0.0567740973309148,0.674415617961706,0.0175953524001817,0.153122183015279
"787","c_div_msy",1975,0.0776373059531588,0.674415617961706,0.0240612501451908,0.209391154238564
"788","c_div_msy",1976,0.0553929093036582,0.674415617961706,0.0171672964519058,0.149397059484818
"789","c_div_msy",1977,0.0432529934851399,0.674415617961706,0.0134049099591653,0.116655184243395
"790","c_div_msy",1978,0.105697231138476,0.674415617961706,0.0327575446733216,0.285069979646884
"791","c_div_msy",1979,0.0449249579391874,0.674415617961706,0.0139230829491835,0.121164544306585
"792","c_div_msy",1980,0.0468876988200256,0.674415617961706,0.0145313729809439,0.126458140902504
"793","c_div_msy",1981,0.0664424135217108,0.674415617961706,0.0205917440381127,0.179198047728509
"794","c_div_msy",1982,0.0549567446634719,0.674415617961706,0.0170321208892924,0.148220704685725
"795","c_div_msy",1983,0.0578645089313805,0.674415617961706,0.0179332913067153,0.156063070013012
"796","c_div_msy",1984,0.0888321983846067,0.674415617961706,0.0275307562522689,0.239584260748619
"797","c_div_msy",1985,0.0629530964002205,0.674415617961706,0.0195103395372053,0.169787209335764
"798","c_div_msy",1986,0.140735790566775,0.674415617961706,0.0436166482032673,0.379570481840693
"799","c_div_msy",1987,0.200781122699087,0.674415617961706,0.0622258173230497,0.54151532584917
"800","c_div_msy",1988,0.132812132936724,0.674415617961706,0.0411609588157899,0.358200036323835
"801","c_div_msy",1989,0.175120103034793,0.674415617961706,0.0542729883892928,0.472306451835862
"802","c_div_msy",1990,0.180281384610331,0.674415617961706,0.0558725658802184,0.486226650291796
"803","c_div_msy",1991,0.25886371395056,0.674415617961706,0.0802266964110716,0.698166573261728
"804","c_div_msy",1992,0.222952825241889,0.674415617961706,0.0690972417558991,0.601313361469734
"805","c_div_msy",1993,0.416319149057809,0.674415617961706,0.12902507451452,1.12283065573432
"806","c_div_msy",1994,0.372848073252576,0.674415617961706,0.115552576774048,1.00558729409138
"807","c_div_msy",1995,0.188350430453777,0.674415617961706,0.0583733137885669,0.507989214075018
"808","c_div_msy",1996,0.166760280764556,0.674415617961706,0.051682123439202,0.449759651519912
"809","c_div_msy",1997,0.132666744723328,0.674415617961706,0.0411159002949188,0.357807918057471
"810","c_div_msy",1998,0.199327240565132,0.674415617961706,0.0617752321143382,0.537594143185526
"811","c_div_msy",1999,0.191912441681965,0.674415617961706,0.0594772475499099,0.517596111600945
"812","c_div_msy",2000,0.152294153531711,0.674415617961706,0.0471988006125232,0.410743884016659
"813","c_div_msy",2001,0.212921038517605,0.674415617961706,0.0659882038157902,0.574257201090593
"814","c_div_msy",2002,0.289613321083693,0.674415617961706,0.0897565735753186,0.781099586597789
"815","c_div_msy",2003,0.205724321954531,0.674415617961706,0.0637578070326686,0.554847346905558
"816","c_div_msy",2004,0.264970018913168,0.674415617961706,0.0821191542876597,0.714635540449031
"817","c_div_msy",2005,0.290703732684159,0.674415617961706,0.0900945124818521,0.784040473595522
"818","c_div_msy",2006,0.31549242306808,0.674415617961706,0.0977769902903822,0.850896638010644
"819","c_div_msy",2007,0.36986761487797,0.674415617961706,0.11462887709619,0.997548869630911
"820","c_div_msy",2008,0.36477902740913,0.674415617961706,0.1130518288657,0.983824730308159
"821","c_div_msy",2009,0.352348335163821,0.674415617961706,0.109199325331217,0.950298618534007
"822","c_div_msy",2010,0.298845472634303,0.674415617961706,0.0926177896506362,0.805999096511925
"823","c_div_msy",2011,0.285178980575133,0.674415617961706,0.0883822886887487,0.769139979473676
"824","c_div_msy",2012,0.219027343480213,0.674415617961706,0.0678806616923782,0.590726168277896
"825","c_div_msy",2013,0.209649803716208,0.674415617961706,0.0649743870961894,0.565434540097395
"826","c_div_msy",2014,0.233057306072872,0.674415617961706,0.0722288089564436,0.628565580982056
"827","c_div_msy",2015,0.245851468851669,0.674415617961706,0.0761939587931043,0.663071988422119
"828","c_div_msy",2016,0.137173779338587,0.674415617961706,0.0425127144419242,0.369963584314766
"829","c_div_msy",2017,0.120817605331601,0.674415617961706,0.0374436308439205,0.325850279348776
"830","c_div_msy",2018,0.117764452850297,0.674415617961706,0.0364974019056265,0.317615795755125
"831","depletion",1968,0.682221174990796,0.0996122225680229,0.577637073590685,0.797228811063902
"832","depletion",1969,0.881700152603371,0.234953815675533,0.611111366203498,1.29027823650514
"833","depletion",1970,0.72929098043655,0.241646213264756,0.50278903067164,1.07201579404526
"834","depletion",1971,0.546638388167304,0.239334075347754,0.373195546595275,0.80447935481817
"835","depletion",1972,0.399170203621601,0.23169564958837,0.276945777926544,0.575918859549206
"836","depletion",1973,0.591287504816347,0.239363633453754,0.407964759323422,0.868215008705885
"837","depletion",1974,0.633080306036987,0.240850592235284,0.426010743488729,0.917841266089866
"838","depletion",1975,0.668252284249277,0.240276088930994,0.45448124060287,0.965556681552971
"839","depletion",1976,0.568587976804528,0.236575098813985,0.389986042898606,0.827104059495984
"840","depletion",1977,0.557807442651823,0.246162953303578,0.377918224893607,0.822416305882656
"841","depletion",1978,0.700667110494275,0.254273690183762,0.467976746948891,1.05383058539721
"842","depletion",1979,0.508015854427773,0.247826314678082,0.343790780538171,0.75737780484404
"843","depletion",1980,0.470445138641506,0.237933085862685,0.321498774173195,0.687492694065345
"844","depletion",1981,0.494316266377971,0.239038491131799,0.341643703009135,0.727675293178329
"845","depletion",1982,0.449687165583386,0.240795747773675,0.30476977489615,0.658220695253196
"846","depletion",1983,0.431320220079999,0.243569150931332,0.290054028675238,0.622417292428862
"847","depletion",1984,0.497272951295146,0.24562801866289,0.33683144851336,0.732145934697643
"848","depletion",1985,0.491237822176097,0.236901462175732,0.335206586242453,0.714389612756437
"849","depletion",1986,0.689124775758168,0.248113660340709,0.460700536175399,1.01823189081181
"850","depletion",1987,0.806549757727809,0.24941214145905,0.543772141381899,1.18454045855777
"851","depletion",1988,0.687110007705669,0.232445119030205,0.475120509352572,0.981666070920739
"852","depletion",1989,0.805429169147186,0.243438310619361,0.552427561632546,1.19284101244645
"853","depletion",1990,0.852258490283812,0.224302601514767,0.60265497059981,1.23381211198926
"854","depletion",1991,0.980517298630098,0.233338202123359,0.669420363645022,1.39877816984
"855","depletion",1992,0.994144075328217,0.213511868758086,0.70896446882867,1.38440485018529
"856","depletion",1993,1.26826089579071,0.206632964697211,0.903535274556258,1.7312371844537
"857","depletion",1994,1.28068230969802,0.240194483528007,0.87709751114131,1.88455085977336
"858","depletion",1995,0.861748973685218,0.227652231804804,0.596196466987328,1.2340073152867
"859","depletion",1996,0.73328745865224,0.233698515647643,0.503216743324498,1.06142372576261
"860","depletion",1997,0.728435851933864,0.238650615803897,0.491201821184155,1.05868064682394
"861","depletion",1998,0.824916372023202,0.239907202791968,0.560587496353537,1.22304367518477
"862","depletion",1999,0.842113249483532,0.239614146338419,0.576364249802286,1.23759928126945
"863","depletion",2000,0.828357604812768,0.223654750376569,0.571985195312355,1.17373293981626
"864","depletion",2001,0.95244436283956,0.228342876064462,0.657956763881262,1.37958197838521
"865","depletion",2002,1.13263245847059,0.226736140357733,0.785998321393351,1.62298894753975
"866","depletion",2003,0.981674491827273,0.217687575644541,0.688227884436637,1.38515504794966
"867","depletion",2004,1.11654935590763,0.212391740043885,0.787342084756091,1.56496698901793
"868","depletion",2005,1.1627734625637,0.219280849753913,0.823921034105853,1.63475816082806
"869","depletion",2006,1.19868490181333,0.210076529765741,0.847058756113032,1.6525977535986
"870","depletion",2007,1.15989191819423,0.210288726715439,0.819731234165405,1.61609608261434
"871","depletion",2008,1.21435489826176,0.209558115322322,0.854619699648237,1.68698355898249
"872","depletion",2009,1.19733610522241,0.221653565332069,0.828848401550627,1.68723720470231
"873","depletion",2010,1.0260860199175,0.219659040756219,0.720680147596313,1.46156252056621
"874","depletion",2011,0.9942618825256,0.219767160762176,0.702348418873776,1.41372778781803
"875","depletion",2012,0.901505234009383,0.22886191541584,0.625939416260112,1.28670054241232
"876","depletion",2013,0.853659300230985,0.225749011097051,0.598224392863541,1.20361935509781
"877","depletion",2014,0.874173970361855,0.241014731002801,0.593843052787955,1.28419534554184
"878","depletion",2015,0.824435974145388,0.264205120388803,0.540791055753964,1.2545834763452
"879","depletion",2016,0.6619810080467,0.371756473213666,0.379765920975253,1.19165944886771
"880","depletion",2017,0.517749231549576,0.38619380056156,0.29723212919916,0.951593921888327
"881","depletion",2018,0.383852574120442,0.220944680673848,0.270754903244763,0.550336612790829
"882","ihat",1968,73166.688927564,0.680415952244096,27423.8321964516,245511.587054064
"883","ihat",1969,94560.3612989393,0.733259077004329,31976.5964338478,326450.484877338
"884","ihat",1970,78214.8198551579,0.753616335460608,25342.1400196978,279308.085885217
"885","ihat",1971,58625.7395241971,0.741577475098612,20115.545795361,197479.267380568
"886","ihat",1972,42810.1079066156,0.736866320911117,14134.131435705,150363.749383106
"887","ihat",1973,63414.2570145772,0.743744374612003,21059.9525300681,220610.732707742
"888","ihat",1974,67896.4410897979,0.751803383724838,21878.3086488616,240740.684164424
"889","ihat",1975,71668.5567660087,0.750206515940686,23735.2174649123,254985.588155788
"890","ihat",1976,60979.7836125083,0.743693691565643,20073.6401824811,218723.200918491
"891","ihat",1977,59823.5955348888,0.759150111210703,19441.8495979113,216205.394673316
"892","ihat",1978,75144.9740855689,0.75744555064329,23617.7908253401,269511.57437725
"893","ihat",1979,54483.5595167344,0.756119937615705,17456.435007815,193689.561979162
"894","ihat",1980,50454.1846226514,0.745338755167064,16488.4046600953,175145.360378909
"895","ihat",1981,53014.3094640823,0.746233030147457,17849.1356919758,187022.734042657
"896","ihat",1982,48227.9386291425,0.746936300815604,16046.0706075363,167411.014889948
"897","ihat",1983,46258.1249712566,0.740291607939511,15247.5818674772,159145.455316817
"898","ihat",1984,53331.4072815089,0.75311631841634,17840.7822636291,194675.924609861
"899","ihat",1985,52684.1532368111,0.737770268179496,17374.9399850981,184556.977864382
"900","ihat",1986,73907.0846061843,0.739338719124592,24270.7356028554,257861.591652019
"901","ihat",1987,86500.6502166528,0.758293003036935,28428.6221783948,310111.331561858
"902","ihat",1988,73691.0052571954,0.738665468462692,24462.9822327038,254529.923210765
"903","ihat",1989,86380.4696079296,0.737715367897542,29319.0481157416,303936.427953102
"904","ihat",1990,91402.8091334344,0.732382476023925,30820.0069342643,326020.785072043
"905","ihat",1991,105158.278292859,0.739995209627305,35644.3540557298,369254.975075933
"906","ihat",1992,106619.719491559,0.727554875905269,36718.8991337095,368905.399673964
"907","ihat",1993,136018.132891528,0.718550399344575,47414.7317975062,471241.926514788
"908","ihat",1994,137350.301637843,0.744207038643805,44542.6856039266,489857.735396141
"909","ihat",1995,92420.6421650933,0.734392110908656,31092.535916562,322137.620111303
"910","ihat",1996,78643.4331687467,0.744184120626602,25580.2820829731,279077.656053387
"911","ihat",1997,78123.1092436396,0.745929346148828,25888.5952311075,275179.485363194
"912","ihat",1998,88470.4283532252,0.747572136477536,28737.140094082,324256.280969321
"913","ihat",1999,90314.7548411598,0.739679385337241,30477.116600769,312658.595746545
"914","ihat",2000,88839.4928417979,0.737676523903839,29863.3542268048,311356.604589219
"915","ihat",2001,102147.518973791,0.737221461475161,34317.3206255228,382740.753135005
"916","ihat",2002,121472.287574917,0.735055158400385,41342.9242110566,422289.538696832
"917","ihat",2003,105282.384664504,0.727414789789436,35534.8884605813,359182.254032359
"918","ihat",2004,119747.410943478,0.723462813355922,40713.3148803544,413246.581935026
"919","ihat",2005,124704.842575096,0.726616631767636,42499.1083909684,429394.194481974
"920","ihat",2006,128556.263786926,0.724343288555069,44082.8201696358,447969.937113503
"921","ihat",2007,124395.803412666,0.736582512348632,41469.2188642872,430660.358081344
"922","ihat",2008,130236.83571531,0.72357462324761,45178.171317838,450286.462087219
"923","ihat",2009,128411.608381595,0.742260639313844,40823.4565139723,461330.186721642
"924","ihat",2010,110045.421315512,0.735014602889317,37436.7746380711,386995.078394488
"925","ihat",2011,106632.354048914,0.729741513913475,36047.0347601856,359928.019338861
"926","ihat",2012,96684.4118027049,0.733329814104619,32541.3465221497,322096.751335817
"927","ihat",2013,91553.0428544162,0.733034810992471,30072.4196691691,319654.207437882
"928","ihat",2014,93753.1951553722,0.741371485125439,29761.9829157774,326963.159812338
"929","ihat",2015,88418.9067596776,0.750726075711717,28209.8488719248,305856.680724585
"930","ihat",2016,70995.9764769271,0.804279997286965,20923.1201425198,282795.1074075
"931","ihat",2017,55527.4423544303,0.791945701956872,16947.4690427021,215636.541954901
"932","ihat",2018,41167.326542003,0.721966076504897,13962.130750591,142513.783668618
"933","sigma_ratio",1968,0.998998583659335,0.0495097339404525,0.921822782081917,1.08034961873491
"934","u_div_umsy",1968,0.0213110086179002,0.686310755245959,0.0063578592418257,0.0575399360788358
"935","u_div_umsy",1969,0.0618357384449853,0.740886635326526,0.0170971411049993,0.187106858283966
"936","u_div_umsy",1970,0.0481942071562514,0.757525714239932,0.0136268382785492,0.152481773698565
"937","u_div_umsy",1971,0.047674729428542,0.745028465321821,0.0138925154128451,0.143125860940389
"938","u_div_umsy",1972,0.0230373019174,0.739869634793799,0.00647355861292592,0.070104041233741
"939","u_div_umsy",1973,0.0437059040154486,0.747398327389806,0.0123388145270529,0.132906097179452
"940","u_div_umsy",1974,0.0448395699483327,0.756992351417903,0.0125748209910404,0.143542075740352
"941","u_div_umsy",1975,0.0580898171117944,0.755128143578113,0.0158700288696024,0.179039527823033
"942","u_div_umsy",1976,0.0487109396992239,0.749505573616299,0.0137339388398802,0.151299019124535
"943","u_div_umsy",1977,0.038770541747807,0.763572034019414,0.0106762429965312,0.121438285496836
"944","u_div_umsy",1978,0.0754261399995741,0.764599256821685,0.0209833687769379,0.240864225854666
"945","u_div_umsy",1979,0.0442160983241268,0.758887616818898,0.0122721989566081,0.13717316579033
"946","u_div_umsy",1980,0.0498333333355535,0.749777087256334,0.0141490088139558,0.155017908933892
"947","u_div_umsy",1981,0.0672063798431697,0.752368073356294,0.0189338071948198,0.206231413138548
"948","u_div_umsy",1982,0.0611055294319726,0.751250140043833,0.0168336846104136,0.184860558852203
"949","u_div_umsy",1983,0.0670783634032368,0.744761923457492,0.019153717521698,0.204356576799308
"950","u_div_umsy",1984,0.0893193548465118,0.759296966471928,0.0245674041694693,0.276825987806012
"951","u_div_umsy",1985,0.0640759867810559,0.744654990915956,0.0179578984562267,0.199872449898746
"952","u_div_umsy",1986,0.102111979947273,0.746861058793909,0.028773826155352,0.316528737775752
"953","u_div_umsy",1987,0.124469148230062,0.766087335357645,0.0344881742808459,0.394355022614453
"954","u_div_umsy",1988,0.096645465389303,0.744154493966279,0.0282695946618902,0.298461665124021
"955","u_div_umsy",1989,0.108712292615511,0.741626537452701,0.0299134274962607,0.324583103785093
"956","u_div_umsy",1990,0.105766845778383,0.734677456925866,0.0292094064426786,0.319682249081792
"957","u_div_umsy",1991,0.132003644562021,0.743543768024004,0.0371003537288976,0.399907779079315
"958","u_div_umsy",1992,0.112133055346269,0.724916197683915,0.0326517530071588,0.327823102752164
"959","u_div_umsy",1993,0.164129931956252,0.71606114443316,0.0469461979401435,0.472435634057721
"960","u_div_umsy",1994,0.145566183911954,0.741588560849705,0.0412206231693822,0.441641034364797
"961","u_div_umsy",1995,0.109283814779789,0.733385142136317,0.0305840166747331,0.327969265736433
"962","u_div_umsy",1996,0.113707304548108,0.742891155461072,0.0327103271082584,0.3463793361597
"963","u_div_umsy",1997,0.0910627506671469,0.74818647673473,0.0255421112643974,0.272209881502938
"964","u_div_umsy",1998,0.120816635070692,0.751532146073421,0.0332144145300417,0.372254827929949
"965","u_div_umsy",1999,0.113946931603122,0.740578589663535,0.0309943088976379,0.354190195732336
"966","u_div_umsy",2000,0.0919253669229813,0.739823398558994,0.0254429493651265,0.271807149175346
"967","u_div_umsy",2001,0.111776103059088,0.735269609269521,0.0303644197152795,0.334413591414155
"968","u_div_umsy",2002,0.127849647481744,0.737769079247532,0.0354594087115788,0.382060756563007
"969","u_div_umsy",2003,0.104782350803268,0.726755840327273,0.0298045014246657,0.304695407644951
"970","u_div_umsy",2004,0.118655757361383,0.725915320109119,0.034061601935301,0.350668799433753
"971","u_div_umsy",2005,0.125004457894667,0.725545978051652,0.035564650047781,0.375568345701793
"972","u_div_umsy",2006,0.131599398053156,0.72170904716044,0.0370790785323452,0.38784060675781
"973","u_div_umsy",2007,0.159440551777357,0.735015846961718,0.0454208991603288,0.483068101542505
"974","u_div_umsy",2008,0.150194571591582,0.72376223462231,0.0437868450645768,0.433164102768429
"975","u_div_umsy",2009,0.147138440754849,0.738143151158011,0.0404739146162722,0.442426574865666
"976","u_div_umsy",2010,0.145623986114893,0.735999826043825,0.0412667042597407,0.432498632356254
"977","u_div_umsy",2011,0.143412407529256,0.731309320318255,0.0407881568429364,0.423630279772614
"978","u_div_umsy",2012,0.121478686544117,0.733707417352487,0.0361429404587854,0.364952633720963
"979","u_div_umsy",2013,0.122794775186939,0.735885558674331,0.0354261387564952,0.365778274014558
"980","u_div_umsy",2014,0.133301444549075,0.744454364427221,0.0374430920162254,0.417674850589027
"981","u_div_umsy",2015,0.149102827000313,0.758062604776077,0.042543115942346,0.476344321123236
"982","u_div_umsy",2016,0.103608545918367,0.813821610428596,0.0262166057274844,0.350598384266725
"983","u_div_umsy",2017,0.116675793964971,0.803505075152438,0.02890265839813,0.386700420650307
"984","u_div_umsy",2018,0.15339802412442,0.72893891790931,0.0435018946812264,0.465736772851492
